column_name,brand_id,brand_name,question_code,attribute_name
Q1.Total Spontaneous_C2,1,C2,Q1.Spontaneous,
Q1.Total Spontaneous_C2 - Không xác định,2,C2 - Không xác định,Q1.Spontaneous,
Q1.Total Spontaneous_C2 - Vị chanh,3,C2 - Vị chanh,Q1.Spontaneous,
Q1.Total Spontaneous_C2 - Vị táo,4,C2 - Vị táo,Q1.Spontaneous,
Q1.Total Spontaneous_C2 - Vị đào,34,C2 - Vị đào,Q1.Spontaneous,
Q1.Total Spontaneous_C2 - Olong Hoa hồng,5,C2 - Olong Hoa hồng,Q1.Spontaneous,
Q1.Total Spontaneous_C2 - Olong Chanh,6,C2 - Olong Chanh,Q1.Spontaneous,
Q1.Total Spontaneous_C2 – Hồng Trà,29,C2 – Hồng Trà,Q1.Spontaneous,
Q1.Total Spontaneous_C2 – Hồng Trà Đào,30,C2 – Hồng Trà Đào,Q1.Spontaneous,
Q1.Total Spontaneous_C2 – Hồng Trà Vải,33,C2 – Hồng Trà Vải,Q1.Spontaneous,
Q1.Total Spontaneous_C2 – Freeze Hương chanh tuyết bạc hà,35,C2 – Freeze Hương chanh tuyết bạc hà,Q1.Spontaneous,
Q1.Total Spontaneous_C2 – Freeze Hương dâu anh đào,37,C2 – Freeze Hương dâu anh đào,Q1.Spontaneous,
Q1.Total Spontaneous_C2 – Dưa lưới,38,C2 – Dưa lưới,Q1.Spontaneous,
Q1.Total Spontaneous_OLong Tea Plus,8,OLong Tea Plus,Q1.Spontaneous,
Q1.Total Spontaneous_OLong Tea Plus.1,8,OLong Tea Plus,Q1.Spontaneous,.1
Q1.Total Spontaneous_OLong Tea Plus vị chanh,9,OLong Tea Plus vị chanh,Q1.Spontaneous,
Q1.Total Spontaneous_Trà xanh matcha Tea Plus,10,Trà xanh matcha Tea Plus,Q1.Spontaneous,
Q1.Total Spontaneous_Không Độ,11,Không Độ,Q1.Spontaneous,
Q1.Total Spontaneous_Không Độ - Không xác định,12,Không Độ - Không xác định,Q1.Spontaneous,
Q1.Total Spontaneous_Không Độ - Vị chanh,13,Không Độ - Vị chanh,Q1.Spontaneous,
Q1.Total Spontaneous_Không Độ - Bí đao,14,Không Độ - Bí đao,Q1.Spontaneous,
Q1.Total Spontaneous_Trà Cozy đóng chai,15,Trà Cozy đóng chai,Q1.Spontaneous,
Q1.Total Spontaneous_Trà Cozy Olong Xoài,16,Trà Cozy Olong Xoài,Q1.Spontaneous,
Q1.Total Spontaneous_Trà Cozy Vải,17,Trà Cozy Vải,Q1.Spontaneous,
Q1.Total Spontaneous_Trà Cozy Đào Sả,18,Trà Cozy Đào Sả,Q1.Spontaneous,
Q1.Total Spontaneous_Dr. Thanh,19,Dr. Thanh,Q1.Spontaneous,
Q1.Total Spontaneous_Dr. Thanh - Không xác định,20,Dr. Thanh - Không xác định,Q1.Spontaneous,
Q1.Total Spontaneous_Dr. Thanh - Có đường,21,Dr. Thanh - Có đường,Q1.Spontaneous,
Q1.Total Spontaneous_Dr. Thanh - Không đường,22,Dr. Thanh - Không đường,Q1.Spontaneous,
Q1.Total Spontaneous_Trà Tea Go,23,Trà Tea Go,Q1.Spontaneous,
Q1.Total Spontaneous_Trà Tea Go – Vị Đào,24,Trà Tea Go – Vị Đào,Q1.Spontaneous,
Q1.Total Spontaneous_Trà Tea Go – Vị Chanh,25,Trà Tea Go – Vị Chanh,Q1.Spontaneous,
Q1.Total Spontaneous_Trà sữa ít đường Vinamilk Happy Milktea,261,Trà sữa ít đường Vinamilk Happy Milktea,Q1.Spontaneous,
Q1.Total Spontaneous_Trà sữa ít đường Vinamilk Happy Milktea.1,261,Trà sữa ít đường Vinamilk Happy Milktea,Q1.Spontaneous,.1
Q1.Total Spontaneous_Trà lá vối Seventy,271,Trà lá vối Seventy,Q1.Spontaneous,
Q1.Total Spontaneous_Trà lá vối Seventy.1,271,Trà lá vối Seventy,Q1.Spontaneous,.1
Q1.Total Spontaneous_Trà thảo mộc VietFuji,2000,Trà thảo mộc VietFuji,Q1.Spontaneous,
Q1.Total Spontaneous_Trà sữa không độ/ Trà sữa Macchiato,3001,Trà sữa không độ/ Trà sữa Macchiato,Q1.Spontaneous,
Q1.Total Spontaneous_Trà sữa không độ/ Trà sữa Macchiato.1,3001,Trà sữa không độ/ Trà sữa Macchiato,Q1.Spontaneous,.1
Q1.Total Spontaneous_Trà TH True Tea,5000,Trà TH True Tea,Q1.Spontaneous,
Q1.Total Spontaneous_TH True Tea – Trà Oolong Tự Nhiên,5001,TH True Tea – Trà Oolong Tự Nhiên,Q1.Spontaneous,
Q1.Total Spontaneous_TH True Tea – Trà xanh vị chanh Tự Nhiên,5002,TH True Tea – Trà xanh vị chanh Tự Nhiên,Q1.Spontaneous,
Q1.Total Spontaneous_Trà mật ong Boncha,6001,Trà mật ong Boncha,Q1.Spontaneous,
Q1.Total Spontaneous_Trà mật ong Boncha.1,6001,Trà mật ong Boncha,Q1.Spontaneous,.1
Q1.Total Spontaneous_Trà mật ong Boncha vị chanh,6002,Trà mật ong Boncha vị chanh,Q1.Spontaneous,
Q1.Total Spontaneous_Trà Jokky,7000,Trà Jokky,Q1.Spontaneous,
Q1.Total Spontaneous_Trà Jokky chanh sả,7001,Trà Jokky chanh sả,Q1.Spontaneous,
Q1.Total Spontaneous_Trà Jokky vị Đào,7002,Trà Jokky vị Đào,Q1.Spontaneous,
Q1.Total Spontaneous_Trà Jokky sâm,7003,Trà Jokky sâm,Q1.Spontaneous,
Q1.Total Spontaneous_Trà sữa C2,8000,Trà sữa C2,Q1.Spontaneous,
Q1.Total Spontaneous_Búp non 365,9000,Búp non 365,Q1.Spontaneous,
Q1.Total Spontaneous_Búp non 365 hương đào,9001,Búp non 365 hương đào,Q1.Spontaneous,
Q1.Total Spontaneous_Búp non 365 chanh sả,9002,Búp non 365 chanh sả,Q1.Spontaneous,
Q1.Total Spontaneous_Búp non 365 mật ong,9003,Búp non 365 mật ong,Q1.Spontaneous,
Q1.Total Spontaneous_Búp non 365 mãng cầu,9004,Búp non 365 mãng cầu,Q1.Spontaneous,
Q1Q2. Total aided awareness_C2,1,C2,Q1Q2.Aided,
Q1Q2. Total aided awareness_C2 - Không xác định,2,C2 - Không xác định,Q1Q2.Aided,
Q1Q2. Total aided awareness_C2 - Vị chanh,3,C2 - Vị chanh,Q1Q2.Aided,
Q1Q2. Total aided awareness_C2 - Vị táo,4,C2 - Vị táo,Q1Q2.Aided,
Q1Q2. Total aided awareness_C2 - Vị đào,34,C2 - Vị đào,Q1Q2.Aided,
Q1Q2. Total aided awareness_C2 - Olong Hoa hồng,5,C2 - Olong Hoa hồng,Q1Q2.Aided,
Q1Q2. Total aided awareness_C2 - Olong Chanh,6,C2 - Olong Chanh,Q1Q2.Aided,
Q1Q2. Total aided awareness_C2 – Hồng Trà,29,C2 – Hồng Trà,Q1Q2.Aided,
Q1Q2. Total aided awareness_C2 – Hồng Trà Đào,30,C2 – Hồng Trà Đào,Q1Q2.Aided,
Q1Q2. Total aided awareness_C2 – Hồng Trà Vải,33,C2 – Hồng Trà Vải,Q1Q2.Aided,
Q1Q2. Total aided awareness_C2 – Freeze Hương chanh tuyết bạc hà,35,C2 – Freeze Hương chanh tuyết bạc hà,Q1Q2.Aided,
Q1Q2. Total aided awareness_C2 – Freeze Hương dâu anh đào,37,C2 – Freeze Hương dâu anh đào,Q1Q2.Aided,
Q1Q2. Total aided awareness_C2 – Dưa lưới,38,C2 – Dưa lưới,Q1Q2.Aided,
Q1Q2. Total aided awareness_OLong Tea Plus,8,OLong Tea Plus,Q1Q2.Aided,
Q1Q2. Total aided awareness_OLong Tea Plus.1,8,OLong Tea Plus,Q1Q2.Aided,.1
Q1Q2. Total aided awareness_OLong Tea Plus vị chanh,9,OLong Tea Plus vị chanh,Q1Q2.Aided,
Q1Q2. Total aided awareness_Trà xanh matcha Tea Plus,10,Trà xanh matcha Tea Plus,Q1Q2.Aided,
Q1Q2. Total aided awareness_Không Độ,11,Không Độ,Q1Q2.Aided,
Q1Q2. Total aided awareness_Không Độ - Không xác định,12,Không Độ - Không xác định,Q1Q2.Aided,
Q1Q2. Total aided awareness_Không Độ - Vị chanh,13,Không Độ - Vị chanh,Q1Q2.Aided,
Q1Q2. Total aided awareness_Không Độ - Bí đao,14,Không Độ - Bí đao,Q1Q2.Aided,
Q1Q2. Total aided awareness_Trà Cozy đóng chai,15,Trà Cozy đóng chai,Q1Q2.Aided,
Q1Q2. Total aided awareness_Trà Cozy Olong Xoài,16,Trà Cozy Olong Xoài,Q1Q2.Aided,
Q1Q2. Total aided awareness_Trà Cozy Vải,17,Trà Cozy Vải,Q1Q2.Aided,
Q1Q2. Total aided awareness_Trà Cozy Đào Sả,18,Trà Cozy Đào Sả,Q1Q2.Aided,
Q1Q2. Total aided awareness_Dr. Thanh,19,Dr. Thanh,Q1Q2.Aided,
Q1Q2. Total aided awareness_Dr. Thanh - Không xác định,20,Dr. Thanh - Không xác định,Q1Q2.Aided,
Q1Q2. Total aided awareness_Dr. Thanh - Có đường,21,Dr. Thanh - Có đường,Q1Q2.Aided,
Q1Q2. Total aided awareness_Dr. Thanh - Không đường,22,Dr. Thanh - Không đường,Q1Q2.Aided,
Q1Q2. Total aided awareness_Trà Tea Go,23,Trà Tea Go,Q1Q2.Aided,
Q1Q2. Total aided awareness_Trà Tea Go – Vị Đào,24,Trà Tea Go – Vị Đào,Q1Q2.Aided,
Q1Q2. Total aided awareness_Trà Tea Go – Vị Chanh,25,Trà Tea Go – Vị Chanh,Q1Q2.Aided,
Q1Q2. Total aided awareness_Trà sữa ít đường Vinamilk Happy Milktea,261,Trà sữa ít đường Vinamilk Happy Milktea,Q1Q2.Aided,
Q1Q2. Total aided awareness_Trà sữa ít đường Vinamilk Happy Milktea.1,261,Trà sữa ít đường Vinamilk Happy Milktea,Q1Q2.Aided,.1
Q1Q2. Total aided awareness_Trà lá vối Seventy,271,Trà lá vối Seventy,Q1Q2.Aided,
Q1Q2. Total aided awareness_Trà lá vối Seventy.1,271,Trà lá vối Seventy,Q1Q2.Aided,.1
Q1Q2. Total aided awareness_Trà thảo mộc VietFuji,2000,Trà thảo mộc VietFuji,Q1Q2.Aided,
Q1Q2. Total aided awareness_Trà sữa không độ/ Trà sữa Macchiato,3001,Trà sữa không độ/ Trà sữa Macchiato,Q1Q2.Aided,
Q1Q2. Total aided awareness_Trà sữa không độ/ Trà sữa Macchiato.1,3001,Trà sữa không độ/ Trà sữa Macchiato,Q1Q2.Aided,.1
Q1Q2. Total aided awareness_Trà TH True Tea,5000,Trà TH True Tea,Q1Q2.Aided,
Q1Q2. Total aided awareness_TH True Tea – Trà Oolong Tự Nhiên,5001,TH True Tea – Trà Oolong Tự Nhiên,Q1Q2.Aided,
Q1Q2. Total aided awareness_TH True Tea – Trà xanh vị chanh Tự Nhiên,5002,TH True Tea – Trà xanh vị chanh Tự Nhiên,Q1Q2.Aided,
Q1Q2. Total aided awareness_Trà mật ong Boncha,6001,Trà mật ong Boncha,Q1Q2.Aided,
Q1Q2. Total aided awareness_Trà mật ong Boncha.1,6001,Trà mật ong Boncha,Q1Q2.Aided,.1
Q1Q2. Total aided awareness_Trà mật ong Boncha vị chanh,6002,Trà mật ong Boncha vị chanh,Q1Q2.Aided,
Q1Q2. Total aided awareness_Trà Jokky,7000,Trà Jokky,Q1Q2.Aided,
Q1Q2. Total aided awareness_Trà Jokky chanh sả,7001,Trà Jokky chanh sả,Q1Q2.Aided,
Q1Q2. Total aided awareness_Trà Jokky vị Đào,7002,Trà Jokky vị Đào,Q1Q2.Aided,
Q1Q2. Total aided awareness_Trà Jokky sâm,7003,Trà Jokky sâm,Q1Q2.Aided,
Q1Q2. Total aided awareness_Trà sữa C2,8000,Trà sữa C2,Q1Q2.Aided,
Q1Q2. Total aided awareness_Búp non 365,9000,Búp non 365,Q1Q2.Aided,
Q1Q2. Total aided awareness_Búp non 365 hương đào,9001,Búp non 365 hương đào,Q1Q2.Aided,
Q1Q2. Total aided awareness_Búp non 365 chanh sả,9002,Búp non 365 chanh sả,Q1Q2.Aided,
Q1Q2. Total aided awareness_Búp non 365 mật ong,9003,Búp non 365 mật ong,Q1Q2.Aided,
Q1Q2. Total aided awareness_Búp non 365 mãng cầu,9004,Búp non 365 mãng cầu,Q1Q2.Aided,
Q3. P3M _C2,1,C2,Q3.P3M,
Q3. P3M _OLong Tea Plus,8,OLong Tea Plus,Q3.P3M,
Q3. P3M _Không Độ,11,Không Độ,Q3.P3M,
Q3. P3M _Trà Cozy đóng chai,15,Trà Cozy đóng chai,Q3.P3M,
Q3. P3M _Dr. Thanh,19,Dr. Thanh,Q3.P3M,
Q3. P3M _Trà Tea Go,23,Trà Tea Go,Q3.P3M,
Q3. P3M _Trà sữa ít đường Vinamilk Happy Milktea,261,Trà sữa ít đường Vinamilk Happy Milktea,Q3.P3M,
Q3. P3M _Trà lá vối Seventy,271,Trà lá vối Seventy,Q3.P3M,
Q3. P3M _Trà thảo mộc VietFuji,2000,Trà thảo mộc VietFuji,Q3.P3M,
Q3. P3M _Trà sữa không độ/ Trà sữa Macchiato,3001,Trà sữa không độ/ Trà sữa Macchiato,Q3.P3M,
Q3. P3M _Trà TH True Tea,5000,Trà TH True Tea,Q3.P3M,
Q3. P3M _Trà mật ong Boncha,6001,Trà mật ong Boncha,Q3.P3M,
Q3. P3M _Trà Jokky,7000,Trà Jokky,Q3.P3M,
Q3. P3M _Trà sữa C2,8000,Trà sữa C2,Q3.P3M,
Q3. P3M _Búp non 365,9000,Búp non 365,Q3.P3M,
Q4. P4W_C2,1,C2,Q4.P4W,
Q4. P4W_C2 - Không xác định,2,C2 - Không xác định,Q4.P4W,
Q4. P4W_C2 - Vị chanh,3,C2 - Vị chanh,Q4.P4W,
Q4. P4W_C2 - Vị táo,4,C2 - Vị táo,Q4.P4W,
Q4. P4W_C2 - Vị đào,34,C2 - Vị đào,Q4.P4W,
Q4. P4W_C2 - Olong Hoa hồng,5,C2 - Olong Hoa hồng,Q4.P4W,
Q4. P4W_C2 - Olong Chanh,6,C2 - Olong Chanh,Q4.P4W,
Q4. P4W_C2 – Hồng Trà,29,C2 – Hồng Trà,Q4.P4W,
Q4. P4W_C2 – Hồng Trà Đào,30,C2 – Hồng Trà Đào,Q4.P4W,
Q4. P4W_C2 – Hồng Trà Vải,33,C2 – Hồng Trà Vải,Q4.P4W,
Q4. P4W_C2 – Freeze Hương chanh tuyết bạc hà,35,C2 – Freeze Hương chanh tuyết bạc hà,Q4.P4W,
Q4. P4W_C2 – Freeze Hương dâu anh đào,37,C2 – Freeze Hương dâu anh đào,Q4.P4W,
Q4. P4W_C2 – Dưa lưới,38,C2 – Dưa lưới,Q4.P4W,
Q4. P4W_OLong Tea Plus,8,OLong Tea Plus,Q4.P4W,
Q4. P4W_OLong Tea Plus.1,8,OLong Tea Plus,Q4.P4W,.1
Q4. P4W_OLong Tea Plus vị chanh,9,OLong Tea Plus vị chanh,Q4.P4W,
Q4. P4W_Trà xanh matcha Tea Plus,10,Trà xanh matcha Tea Plus,Q4.P4W,
Q4. P4W_Không Độ,11,Không Độ,Q4.P4W,
Q4. P4W_Không Độ - Không xác định,12,Không Độ - Không xác định,Q4.P4W,
Q4. P4W_Không Độ - Vị chanh,13,Không Độ - Vị chanh,Q4.P4W,
Q4. P4W_Không Độ - Bí đao,14,Không Độ - Bí đao,Q4.P4W,
Q4. P4W_Trà Cozy đóng chai,15,Trà Cozy đóng chai,Q4.P4W,
Q4. P4W_Trà Cozy Olong Xoài,16,Trà Cozy Olong Xoài,Q4.P4W,
Q4. P4W_Trà Cozy Vải,17,Trà Cozy Vải,Q4.P4W,
Q4. P4W_Trà Cozy Đào Sả,18,Trà Cozy Đào Sả,Q4.P4W,
Q4. P4W_Dr. Thanh,19,Dr. Thanh,Q4.P4W,
Q4. P4W_Dr. Thanh - Không xác định,20,Dr. Thanh - Không xác định,Q4.P4W,
Q4. P4W_Dr. Thanh - Có đường,21,Dr. Thanh - Có đường,Q4.P4W,
Q4. P4W_Dr. Thanh - Không đường,22,Dr. Thanh - Không đường,Q4.P4W,
Q4. P4W_Trà Tea Go,23,Trà Tea Go,Q4.P4W,
Q4. P4W_Trà Tea Go – Vị Đào,24,Trà Tea Go – Vị Đào,Q4.P4W,
Q4. P4W_Trà Tea Go – Vị Chanh,25,Trà Tea Go – Vị Chanh,Q4.P4W,
Q4. P4W_Trà sữa ít đường Vinamilk Happy Milktea,261,Trà sữa ít đường Vinamilk Happy Milktea,Q4.P4W,
Q4. P4W_Trà sữa ít đường Vinamilk Happy Milktea.1,261,Trà sữa ít đường Vinamilk Happy Milktea,Q4.P4W,.1
Q4. P4W_Trà lá vối Seventy,271,Trà lá vối Seventy,Q4.P4W,
Q4. P4W_Trà lá vối Seventy.1,271,Trà lá vối Seventy,Q4.P4W,.1
Q4. P4W_Trà thảo mộc VietFuji,2000,Trà thảo mộc VietFuji,Q4.P4W,
Q4. P4W_Trà sữa không độ/ Trà sữa Macchiato,3001,Trà sữa không độ/ Trà sữa Macchiato,Q4.P4W,
Q4. P4W_Trà sữa không độ/ Trà sữa Macchiato.1,3001,Trà sữa không độ/ Trà sữa Macchiato,Q4.P4W,.1
Q4. P4W_Trà TH True Tea,5000,Trà TH True Tea,Q4.P4W,
Q4. P4W_TH True Tea – Trà Oolong Tự Nhiên,5001,TH True Tea – Trà Oolong Tự Nhiên,Q4.P4W,
Q4. P4W_TH True Tea – Trà xanh vị chanh Tự Nhiên,5002,TH True Tea – Trà xanh vị chanh Tự Nhiên,Q4.P4W,
Q4. P4W_Trà mật ong Boncha,6001,Trà mật ong Boncha,Q4.P4W,
Q4. P4W_Trà mật ong Boncha.1,6001,Trà mật ong Boncha,Q4.P4W,.1
Q4. P4W_Trà mật ong Boncha vị chanh,6002,Trà mật ong Boncha vị chanh,Q4.P4W,
Q4. P4W_Trà Jokky,7000,Trà Jokky,Q4.P4W,
Q4. P4W_Trà Jokky chanh sả,7001,Trà Jokky chanh sả,Q4.P4W,
Q4. P4W_Trà Jokky vị Đào,7002,Trà Jokky vị Đào,Q4.P4W,
Q4. P4W_Trà Jokky sâm,7003,Trà Jokky sâm,Q4.P4W,
Q4. P4W_Trà sữa C2,8000,Trà sữa C2,Q4.P4W,
Q4. P4W_Búp non 365,9000,Búp non 365,Q4.P4W,
Q4. P4W_Búp non 365 hương đào,9001,Búp non 365 hương đào,Q4.P4W,
Q4. P4W_Búp non 365 chanh sả,9002,Búp non 365 chanh sả,Q4.P4W,
Q4. P4W_Búp non 365 mật ong,9003,Búp non 365 mật ong,Q4.P4W,
Q4. P4W_Búp non 365 mãng cầu,9004,Búp non 365 mãng cầu,Q4.P4W,
Q6 - C2,1,C2,Q6,
Q6 - OLong Tea Plus,8,OLong Tea Plus,Q6,
Q6 - Không Độ,11,Không Độ,Q6,
Q6 - Trà Cozy đóng chai,15,Trà Cozy đóng chai,Q6,
Q6 - Dr. Thanh,19,Dr. Thanh,Q6,
Q6 - Trà Tea Go,23,Trà Tea Go,Q6,
Q6 - Trà sữa ít đường Vinamilk Happy Milktea,261,Trà sữa ít đường Vinamilk Happy Milktea,Q6,
Q6 - Trà lá vối Seventy,271,Trà lá vối Seventy,Q6,
Q6 - Trà thảo mộc VietFuji,2000,Trà thảo mộc VietFuji,Q6,
Q6 - Trà sữa không độ/ Trà sữa Macchiato,3001,Trà sữa không độ/ Trà sữa Macchiato,Q6,
Q6 - Trà TH True Tea,5000,Trà TH True Tea,Q6,
Q6 - Trà mật ong Boncha,6001,Trà mật ong Boncha,Q6,
Q6 - Trà Jokky,7000,Trà Jokky,Q6,
Q6 - Trà sữa C2,8000,Trà sữa C2,Q6,
Q6 - Búp non 365,9000,Búp non 365,Q6,
Q4Q8.BRAND CONSIDERATION SET_C2,1,C2,Q4Q8.Consideration,
Q4Q8.BRAND CONSIDERATION SET_OLong Tea Plus,8,OLong Tea Plus,Q4Q8.Consideration,
Q4Q8.BRAND CONSIDERATION SET_Không Độ,11,Không Độ,Q4Q8.Consideration,
Q4Q8.BRAND CONSIDERATION SET_Trà Cozy đóng chai,15,Trà Cozy đóng chai,Q4Q8.Consideration,
Q4Q8.BRAND CONSIDERATION SET_Dr. Thanh,19,Dr. Thanh,Q4Q8.Consideration,
Q4Q8.BRAND CONSIDERATION SET_Trà Tea Go,23,Trà Tea Go,Q4Q8.Consideration,
Q4Q8.BRAND CONSIDERATION SET_Trà sữa ít đường Vinamilk Happy Milktea,261,Trà sữa ít đường Vinamilk Happy Milktea,Q4Q8.Consideration,
Q4Q8.BRAND CONSIDERATION SET_Trà lá vối Seventy,271,Trà lá vối Seventy,Q4Q8.Consideration,
Q4Q8.BRAND CONSIDERATION SET_Trà thảo mộc VietFuji,2000,Trà thảo mộc VietFuji,Q4Q8.Consideration,
Q4Q8.BRAND CONSIDERATION SET_Trà sữa không độ/ Trà sữa Macchiato,3001,Trà sữa không độ/ Trà sữa Macchiato,Q4Q8.Consideration,
Q4Q8.BRAND CONSIDERATION SET_Trà TH True Tea,5000,Trà TH True Tea,Q4Q8.Consideration,
Q4Q8.BRAND CONSIDERATION SET_Trà mật ong Boncha,6001,Trà mật ong Boncha,Q4Q8.Consideration,
Q4Q8.BRAND CONSIDERATION SET_Trà Jokky,7000,Trà Jokky,Q4Q8.Consideration,
Q4Q8.BRAND CONSIDERATION SET_Trà sữa C2,8000,Trà sữa C2,Q4Q8.Consideration,
Q4Q8.BRAND CONSIDERATION SET_Búp non 365,9000,Búp non 365,Q4Q8.Consideration,
QI - C2_Những thương hiệu được ưa chuộng và phổ biến,1,C2,QI.Imagery,Những thương hiệu được ưa chuộng và phổ biến
QI - C2_Bao bì có thiết kế thu hút,1,C2,QI.Imagery,Bao bì có thiết kế thu hút
QI - C2_Nhãn hiệu đáng tin cậy,1,C2,QI.Imagery,Nhãn hiệu đáng tin cậy
QI - C2_Giá cả hợp lý với chất lượng mang lại,1,C2,QI.Imagery,Giá cả hợp lý với chất lượng mang lại
QI - C2_Phù hợp để thưởng thức hàng ngày,1,C2,QI.Imagery,Phù hợp để thưởng thức hàng ngày
QI - C2_Làm dịu cơn khát,1,C2,QI.Imagery,Làm dịu cơn khát
QI - C2_Vị ngon mà tôi yêu thích,1,C2,QI.Imagery,Vị ngon mà tôi yêu thích
"QI - C2_Thương hiệu mang tính hiện đại, trẻ trung",1,C2,QI.Imagery,"Thương hiệu mang tính hiện đại, trẻ trung"
QI - C2_Sản xuất từ nguyên liệu tự nhiên,1,C2,QI.Imagery,Sản xuất từ nguyên liệu tự nhiên
QI - C2_Mang đến sự vui tươi và lạc quan,1,C2,QI.Imagery,Mang đến sự vui tươi và lạc quan
QI - C2_Có lợi cho sức khỏe,1,C2,QI.Imagery,Có lợi cho sức khỏe
QI - C2_Giúp giảm căng thẳng và mệt mỏi,1,C2,QI.Imagery,Giúp giảm căng thẳng và mệt mỏi
QI - C2_Mang lại cảm giác thư giãn,1,C2,QI.Imagery,Mang lại cảm giác thư giãn
QI - C2_Giải nhiệt cuộc sống,1,C2,QI.Imagery,Giải nhiệt cuộc sống
QI - C2_Tạo cảm giác sảng khoái,1,C2,QI.Imagery,Tạo cảm giác sảng khoái
QI - C2_Tái tạo năng lượng,1,C2,QI.Imagery,Tái tạo năng lượng
QI - C2_Có nhiều vị để lựa chọn,1,C2,QI.Imagery,Có nhiều vị để lựa chọn
QI - C2_Mang đến cảm giác tươi mát,1,C2,QI.Imagery,Mang đến cảm giác tươi mát
QI - C2_DK/NA,1,C2,QI.Imagery,DK/NA
QI - OLong Tea Plus_Những thương hiệu được ưa chuộng và phổ biến,8,OLong Tea Plus,QI.Imagery,Những thương hiệu được ưa chuộng và phổ biến
QI - OLong Tea Plus_Bao bì có thiết kế thu hút,8,OLong Tea Plus,QI.Imagery,Bao bì có thiết kế thu hút
QI - OLong Tea Plus_Nhãn hiệu đáng tin cậy,8,OLong Tea Plus,QI.Imagery,Nhãn hiệu đáng tin cậy
QI - OLong Tea Plus_Giá cả hợp lý với chất lượng mang lại,8,OLong Tea Plus,QI.Imagery,Giá cả hợp lý với chất lượng mang lại
QI - OLong Tea Plus_Phù hợp để thưởng thức hàng ngày,8,OLong Tea Plus,QI.Imagery,Phù hợp để thưởng thức hàng ngày
QI - OLong Tea Plus_Làm dịu cơn khát,8,OLong Tea Plus,QI.Imagery,Làm dịu cơn khát
QI - OLong Tea Plus_Vị ngon mà tôi yêu thích,8,OLong Tea Plus,QI.Imagery,Vị ngon mà tôi yêu thích
"QI - OLong Tea Plus_Thương hiệu mang tính hiện đại, trẻ trung",8,OLong Tea Plus,QI.Imagery,"Thương hiệu mang tính hiện đại, trẻ trung"
QI - OLong Tea Plus_Sản xuất từ nguyên liệu tự nhiên,8,OLong Tea Plus,QI.Imagery,Sản xuất từ nguyên liệu tự nhiên
QI - OLong Tea Plus_Mang đến sự vui tươi và lạc quan,8,OLong Tea Plus,QI.Imagery,Mang đến sự vui tươi và lạc quan
QI - OLong Tea Plus_Có lợi cho sức khỏe,8,OLong Tea Plus,QI.Imagery,Có lợi cho sức khỏe
QI - OLong Tea Plus_Giúp giảm căng thẳng và mệt mỏi,8,OLong Tea Plus,QI.Imagery,Giúp giảm căng thẳng và mệt mỏi
QI - OLong Tea Plus_Mang lại cảm giác thư giãn,8,OLong Tea Plus,QI.Imagery,Mang lại cảm giác thư giãn
QI - OLong Tea Plus_Giải nhiệt cuộc sống,8,OLong Tea Plus,QI.Imagery,Giải nhiệt cuộc sống
QI - OLong Tea Plus_Tạo cảm giác sảng khoái,8,OLong Tea Plus,QI.Imagery,Tạo cảm giác sảng khoái
QI - OLong Tea Plus_Tái tạo năng lượng,8,OLong Tea Plus,QI.Imagery,Tái tạo năng lượng
QI - OLong Tea Plus_Có nhiều vị để lựa chọn,8,OLong Tea Plus,QI.Imagery,Có nhiều vị để lựa chọn
QI - OLong Tea Plus_Mang đến cảm giác tươi mát,8,OLong Tea Plus,QI.Imagery,Mang đến cảm giác tươi mát
QI - OLong Tea Plus_DK/NA,8,OLong Tea Plus,QI.Imagery,DK/NA
QI - Không Độ_Những thương hiệu được ưa chuộng và phổ biến,11,Không Độ,QI.Imagery,Những thương hiệu được ưa chuộng và phổ biến
QI - Không Độ_Bao bì có thiết kế thu hút,11,Không Độ,QI.Imagery,Bao bì có thiết kế thu hút
QI - Không Độ_Nhãn hiệu đáng tin cậy,11,Không Độ,QI.Imagery,Nhãn hiệu đáng tin cậy
QI - Không Độ_Giá cả hợp lý với chất lượng mang lại,11,Không Độ,QI.Imagery,Giá cả hợp lý với chất lượng mang lại
QI - Không Độ_Phù hợp để thưởng thức hàng ngày,11,Không Độ,QI.Imagery,Phù hợp để thưởng thức hàng ngày
QI - Không Độ_Làm dịu cơn khát,11,Không Độ,QI.Imagery,Làm dịu cơn khát
QI - Không Độ_Vị ngon mà tôi yêu thích,11,Không Độ,QI.Imagery,Vị ngon mà tôi yêu thích
"QI - Không Độ_Thương hiệu mang tính hiện đại, trẻ trung",11,Không Độ,QI.Imagery,"Thương hiệu mang tính hiện đại, trẻ trung"
QI - Không Độ_Sản xuất từ nguyên liệu tự nhiên,11,Không Độ,QI.Imagery,Sản xuất từ nguyên liệu tự nhiên
QI - Không Độ_Mang đến sự vui tươi và lạc quan,11,Không Độ,QI.Imagery,Mang đến sự vui tươi và lạc quan
QI - Không Độ_Có lợi cho sức khỏe,11,Không Độ,QI.Imagery,Có lợi cho sức khỏe
QI - Không Độ_Giúp giảm căng thẳng và mệt mỏi,11,Không Độ,QI.Imagery,Giúp giảm căng thẳng và mệt mỏi
QI - Không Độ_Mang lại cảm giác thư giãn,11,Không Độ,QI.Imagery,Mang lại cảm giác thư giãn
QI - Không Độ_Giải nhiệt cuộc sống,11,Không Độ,QI.Imagery,Giải nhiệt cuộc sống
QI - Không Độ_Tạo cảm giác sảng khoái,11,Không Độ,QI.Imagery,Tạo cảm giác sảng khoái
QI - Không Độ_Tái tạo năng lượng,11,Không Độ,QI.Imagery,Tái tạo năng lượng
QI - Không Độ_Có nhiều vị để lựa chọn,11,Không Độ,QI.Imagery,Có nhiều vị để lựa chọn
QI - Không Độ_Mang đến cảm giác tươi mát,11,Không Độ,QI.Imagery,Mang đến cảm giác tươi mát
QI - Không Độ_DK/NA,11,Không Độ,QI.Imagery,DK/NA
QI - Trà Cozy đóng chai_Những thương hiệu được ưa chuộng và phổ biến,15,Trà Cozy đóng chai,QI.Imagery,Những thương hiệu được ưa chuộng và phổ biến
QI - Trà Cozy đóng chai_Bao bì có thiết kế thu hút,15,Trà Cozy đóng chai,QI.Imagery,Bao bì có thiết kế thu hút
QI - Trà Cozy đóng chai_Nhãn hiệu đáng tin cậy,15,Trà Cozy đóng chai,QI.Imagery,Nhãn hiệu đáng tin cậy
QI - Trà Cozy đóng chai_Giá cả hợp lý với chất lượng mang lại,15,Trà Cozy đóng chai,QI.Imagery,Giá cả hợp lý với chất lượng mang lại
QI - Trà Cozy đóng chai_Phù hợp để thưởng thức hàng ngày,15,Trà Cozy đóng chai,QI.Imagery,Phù hợp để thưởng thức hàng ngày
QI - Trà Cozy đóng chai_Làm dịu cơn khát,15,Trà Cozy đóng chai,QI.Imagery,Làm dịu cơn khát
QI - Trà Cozy đóng chai_Vị ngon mà tôi yêu thích,15,Trà Cozy đóng chai,QI.Imagery,Vị ngon mà tôi yêu thích
"QI - Trà Cozy đóng chai_Thương hiệu mang tính hiện đại, trẻ trung",15,Trà Cozy đóng chai,QI.Imagery,"Thương hiệu mang tính hiện đại, trẻ trung"
QI - Trà Cozy đóng chai_Sản xuất từ nguyên liệu tự nhiên,15,Trà Cozy đóng chai,QI.Imagery,Sản xuất từ nguyên liệu tự nhiên
QI - Trà Cozy đóng chai_Mang đến sự vui tươi và lạc quan,15,Trà Cozy đóng chai,QI.Imagery,Mang đến sự vui tươi và lạc quan
QI - Trà Cozy đóng chai_Có lợi cho sức khỏe,15,Trà Cozy đóng chai,QI.Imagery,Có lợi cho sức khỏe
QI - Trà Cozy đóng chai_Giúp giảm căng thẳng và mệt mỏi,15,Trà Cozy đóng chai,QI.Imagery,Giúp giảm căng thẳng và mệt mỏi
QI - Trà Cozy đóng chai_Mang lại cảm giác thư giãn,15,Trà Cozy đóng chai,QI.Imagery,Mang lại cảm giác thư giãn
QI - Trà Cozy đóng chai_Giải nhiệt cuộc sống,15,Trà Cozy đóng chai,QI.Imagery,Giải nhiệt cuộc sống
QI - Trà Cozy đóng chai_Tạo cảm giác sảng khoái,15,Trà Cozy đóng chai,QI.Imagery,Tạo cảm giác sảng khoái
QI - Trà Cozy đóng chai_Tái tạo năng lượng,15,Trà Cozy đóng chai,QI.Imagery,Tái tạo năng lượng
QI - Trà Cozy đóng chai_Có nhiều vị để lựa chọn,15,Trà Cozy đóng chai,QI.Imagery,Có nhiều vị để lựa chọn
QI - Trà Cozy đóng chai_Mang đến cảm giác tươi mát,15,Trà Cozy đóng chai,QI.Imagery,Mang đến cảm giác tươi mát
QI - Trà Cozy đóng chai_DK/NA,15,Trà Cozy đóng chai,QI.Imagery,DK/NA
QI - Dr. Thanh_Những thương hiệu được ưa chuộng và phổ biến,19,Dr. Thanh,QI.Imagery,Những thương hiệu được ưa chuộng và phổ biến
QI - Dr. Thanh_Bao bì có thiết kế thu hút,19,Dr. Thanh,QI.Imagery,Bao bì có thiết kế thu hút
QI - Dr. Thanh_Nhãn hiệu đáng tin cậy,19,Dr. Thanh,QI.Imagery,Nhãn hiệu đáng tin cậy
QI - Dr. Thanh_Giá cả hợp lý với chất lượng mang lại,19,Dr. Thanh,QI.Imagery,Giá cả hợp lý với chất lượng mang lại
QI - Dr. Thanh_Phù hợp để thưởng thức hàng ngày,19,Dr. Thanh,QI.Imagery,Phù hợp để thưởng thức hàng ngày
QI - Dr. Thanh_Làm dịu cơn khát,19,Dr. Thanh,QI.Imagery,Làm dịu cơn khát
QI - Dr. Thanh_Vị ngon mà tôi yêu thích,19,Dr. Thanh,QI.Imagery,Vị ngon mà tôi yêu thích
"QI - Dr. Thanh_Thương hiệu mang tính hiện đại, trẻ trung",19,Dr. Thanh,QI.Imagery,"Thương hiệu mang tính hiện đại, trẻ trung"
QI - Dr. Thanh_Sản xuất từ nguyên liệu tự nhiên,19,Dr. Thanh,QI.Imagery,Sản xuất từ nguyên liệu tự nhiên
QI - Dr. Thanh_Mang đến sự vui tươi và lạc quan,19,Dr. Thanh,QI.Imagery,Mang đến sự vui tươi và lạc quan
QI - Dr. Thanh_Có lợi cho sức khỏe,19,Dr. Thanh,QI.Imagery,Có lợi cho sức khỏe
QI - Dr. Thanh_Giúp giảm căng thẳng và mệt mỏi,19,Dr. Thanh,QI.Imagery,Giúp giảm căng thẳng và mệt mỏi
QI - Dr. Thanh_Mang lại cảm giác thư giãn,19,Dr. Thanh,QI.Imagery,Mang lại cảm giác thư giãn
QI - Dr. Thanh_Giải nhiệt cuộc sống,19,Dr. Thanh,QI.Imagery,Giải nhiệt cuộc sống
QI - Dr. Thanh_Tạo cảm giác sảng khoái,19,Dr. Thanh,QI.Imagery,Tạo cảm giác sảng khoái
QI - Dr. Thanh_Tái tạo năng lượng,19,Dr. Thanh,QI.Imagery,Tái tạo năng lượng
QI - Dr. Thanh_Có nhiều vị để lựa chọn,19,Dr. Thanh,QI.Imagery,Có nhiều vị để lựa chọn
QI - Dr. Thanh_Mang đến cảm giác tươi mát,19,Dr. Thanh,QI.Imagery,Mang đến cảm giác tươi mát
QI - Dr. Thanh_DK/NA,19,Dr. Thanh,QI.Imagery,DK/NA
QI - Trà Tea Go_Những thương hiệu được ưa chuộng và phổ biến,23,Trà Tea Go,QI.Imagery,Những thương hiệu được ưa chuộng và phổ biến
QI - Trà Tea Go_Bao bì có thiết kế thu hút,23,Trà Tea Go,QI.Imagery,Bao bì có thiết kế thu hút
QI - Trà Tea Go_Nhãn hiệu đáng tin cậy,23,Trà Tea Go,QI.Imagery,Nhãn hiệu đáng tin cậy
QI - Trà Tea Go_Giá cả hợp lý với chất lượng mang lại,23,Trà Tea Go,QI.Imagery,Giá cả hợp lý với chất lượng mang lại
QI - Trà Tea Go_Phù hợp để thưởng thức hàng ngày,23,Trà Tea Go,QI.Imagery,Phù hợp để thưởng thức hàng ngày
QI - Trà Tea Go_Làm dịu cơn khát,23,Trà Tea Go,QI.Imagery,Làm dịu cơn khát
QI - Trà Tea Go_Vị ngon mà tôi yêu thích,23,Trà Tea Go,QI.Imagery,Vị ngon mà tôi yêu thích
"QI - Trà Tea Go_Thương hiệu mang tính hiện đại, trẻ trung",23,Trà Tea Go,QI.Imagery,"Thương hiệu mang tính hiện đại, trẻ trung"
QI - Trà Tea Go_Sản xuất từ nguyên liệu tự nhiên,23,Trà Tea Go,QI.Imagery,Sản xuất từ nguyên liệu tự nhiên
QI - Trà Tea Go_Mang đến sự vui tươi và lạc quan,23,Trà Tea Go,QI.Imagery,Mang đến sự vui tươi và lạc quan
QI - Trà Tea Go_Có lợi cho sức khỏe,23,Trà Tea Go,QI.Imagery,Có lợi cho sức khỏe
QI - Trà Tea Go_Giúp giảm căng thẳng và mệt mỏi,23,Trà Tea Go,QI.Imagery,Giúp giảm căng thẳng và mệt mỏi
QI - Trà Tea Go_Mang lại cảm giác thư giãn,23,Trà Tea Go,QI.Imagery,Mang lại cảm giác thư giãn
QI - Trà Tea Go_Giải nhiệt cuộc sống,23,Trà Tea Go,QI.Imagery,Giải nhiệt cuộc sống
QI - Trà Tea Go_Tạo cảm giác sảng khoái,23,Trà Tea Go,QI.Imagery,Tạo cảm giác sảng khoái
QI - Trà Tea Go_Tái tạo năng lượng,23,Trà Tea Go,QI.Imagery,Tái tạo năng lượng
QI - Trà Tea Go_Có nhiều vị để lựa chọn,23,Trà Tea Go,QI.Imagery,Có nhiều vị để lựa chọn
QI - Trà Tea Go_Mang đến cảm giác tươi mát,23,Trà Tea Go,QI.Imagery,Mang đến cảm giác tươi mát
QI - Trà Tea Go_DK/NA,23,Trà Tea Go,QI.Imagery,DK/NA
QI - Trà sữa ít đường Vinamilk Happy Milktea_Những thương hiệu được ưa chuộng và phổ biến,261,Trà sữa ít đường Vinamilk Happy Milktea,QI.Imagery,Những thương hiệu được ưa chuộng và phổ biến
QI - Trà sữa ít đường Vinamilk Happy Milktea_Bao bì có thiết kế thu hút,261,Trà sữa ít đường Vinamilk Happy Milktea,QI.Imagery,Bao bì có thiết kế thu hút
QI - Trà sữa ít đường Vinamilk Happy Milktea_Nhãn hiệu đáng tin cậy,261,Trà sữa ít đường Vinamilk Happy Milktea,QI.Imagery,Nhãn hiệu đáng tin cậy
QI - Trà sữa ít đường Vinamilk Happy Milktea_Giá cả hợp lý với chất lượng mang lại,261,Trà sữa ít đường Vinamilk Happy Milktea,QI.Imagery,Giá cả hợp lý với chất lượng mang lại
QI - Trà sữa ít đường Vinamilk Happy Milktea_Phù hợp để thưởng thức hàng ngày,261,Trà sữa ít đường Vinamilk Happy Milktea,QI.Imagery,Phù hợp để thưởng thức hàng ngày
QI - Trà sữa ít đường Vinamilk Happy Milktea_Làm dịu cơn khát,261,Trà sữa ít đường Vinamilk Happy Milktea,QI.Imagery,Làm dịu cơn khát
QI - Trà sữa ít đường Vinamilk Happy Milktea_Vị ngon mà tôi yêu thích,261,Trà sữa ít đường Vinamilk Happy Milktea,QI.Imagery,Vị ngon mà tôi yêu thích
"QI - Trà sữa ít đường Vinamilk Happy Milktea_Thương hiệu mang tính hiện đại, trẻ trung",261,Trà sữa ít đường Vinamilk Happy Milktea,QI.Imagery,"Thương hiệu mang tính hiện đại, trẻ trung"
QI - Trà sữa ít đường Vinamilk Happy Milktea_Sản xuất từ nguyên liệu tự nhiên,261,Trà sữa ít đường Vinamilk Happy Milktea,QI.Imagery,Sản xuất từ nguyên liệu tự nhiên
QI - Trà sữa ít đường Vinamilk Happy Milktea_Mang đến sự vui tươi và lạc quan,261,Trà sữa ít đường Vinamilk Happy Milktea,QI.Imagery,Mang đến sự vui tươi và lạc quan
QI - Trà sữa ít đường Vinamilk Happy Milktea_Có lợi cho sức khỏe,261,Trà sữa ít đường Vinamilk Happy Milktea,QI.Imagery,Có lợi cho sức khỏe
QI - Trà sữa ít đường Vinamilk Happy Milktea_Giúp giảm căng thẳng và mệt mỏi,261,Trà sữa ít đường Vinamilk Happy Milktea,QI.Imagery,Giúp giảm căng thẳng và mệt mỏi
QI - Trà sữa ít đường Vinamilk Happy Milktea_Mang lại cảm giác thư giãn,261,Trà sữa ít đường Vinamilk Happy Milktea,QI.Imagery,Mang lại cảm giác thư giãn
QI - Trà sữa ít đường Vinamilk Happy Milktea_Giải nhiệt cuộc sống,261,Trà sữa ít đường Vinamilk Happy Milktea,QI.Imagery,Giải nhiệt cuộc sống
QI - Trà sữa ít đường Vinamilk Happy Milktea_Tạo cảm giác sảng khoái,261,Trà sữa ít đường Vinamilk Happy Milktea,QI.Imagery,Tạo cảm giác sảng khoái
QI - Trà sữa ít đường Vinamilk Happy Milktea_Tái tạo năng lượng,261,Trà sữa ít đường Vinamilk Happy Milktea,QI.Imagery,Tái tạo năng lượng
QI - Trà sữa ít đường Vinamilk Happy Milktea_Có nhiều vị để lựa chọn,261,Trà sữa ít đường Vinamilk Happy Milktea,QI.Imagery,Có nhiều vị để lựa chọn
QI - Trà sữa ít đường Vinamilk Happy Milktea_Mang đến cảm giác tươi mát,261,Trà sữa ít đường Vinamilk Happy Milktea,QI.Imagery,Mang đến cảm giác tươi mát
QI - Trà sữa ít đường Vinamilk Happy Milktea_DK/NA,261,Trà sữa ít đường Vinamilk Happy Milktea,QI.Imagery,DK/NA
QI - Trà lá vối Seventy_Những thương hiệu được ưa chuộng và phổ biến,271,Trà lá vối Seventy,QI.Imagery,Những thương hiệu được ưa chuộng và phổ biến
QI - Trà lá vối Seventy_Bao bì có thiết kế thu hút,271,Trà lá vối Seventy,QI.Imagery,Bao bì có thiết kế thu hút
QI - Trà lá vối Seventy_Nhãn hiệu đáng tin cậy,271,Trà lá vối Seventy,QI.Imagery,Nhãn hiệu đáng tin cậy
QI - Trà lá vối Seventy_Giá cả hợp lý với chất lượng mang lại,271,Trà lá vối Seventy,QI.Imagery,Giá cả hợp lý với chất lượng mang lại
QI - Trà lá vối Seventy_Phù hợp để thưởng thức hàng ngày,271,Trà lá vối Seventy,QI.Imagery,Phù hợp để thưởng thức hàng ngày
QI - Trà lá vối Seventy_Làm dịu cơn khát,271,Trà lá vối Seventy,QI.Imagery,Làm dịu cơn khát
QI - Trà lá vối Seventy_Vị ngon mà tôi yêu thích,271,Trà lá vối Seventy,QI.Imagery,Vị ngon mà tôi yêu thích
"QI - Trà lá vối Seventy_Thương hiệu mang tính hiện đại, trẻ trung",271,Trà lá vối Seventy,QI.Imagery,"Thương hiệu mang tính hiện đại, trẻ trung"
QI - Trà lá vối Seventy_Sản xuất từ nguyên liệu tự nhiên,271,Trà lá vối Seventy,QI.Imagery,Sản xuất từ nguyên liệu tự nhiên
QI - Trà lá vối Seventy_Mang đến sự vui tươi và lạc quan,271,Trà lá vối Seventy,QI.Imagery,Mang đến sự vui tươi và lạc quan
QI - Trà lá vối Seventy_Có lợi cho sức khỏe,271,Trà lá vối Seventy,QI.Imagery,Có lợi cho sức khỏe
QI - Trà lá vối Seventy_Giúp giảm căng thẳng và mệt mỏi,271,Trà lá vối Seventy,QI.Imagery,Giúp giảm căng thẳng và mệt mỏi
QI - Trà lá vối Seventy_Mang lại cảm giác thư giãn,271,Trà lá vối Seventy,QI.Imagery,Mang lại cảm giác thư giãn
QI - Trà lá vối Seventy_Giải nhiệt cuộc sống,271,Trà lá vối Seventy,QI.Imagery,Giải nhiệt cuộc sống
QI - Trà lá vối Seventy_Tạo cảm giác sảng khoái,271,Trà lá vối Seventy,QI.Imagery,Tạo cảm giác sảng khoái
QI - Trà lá vối Seventy_Tái tạo năng lượng,271,Trà lá vối Seventy,QI.Imagery,Tái tạo năng lượng
QI - Trà lá vối Seventy_Có nhiều vị để lựa chọn,271,Trà lá vối Seventy,QI.Imagery,Có nhiều vị để lựa chọn
QI - Trà lá vối Seventy_Mang đến cảm giác tươi mát,271,Trà lá vối Seventy,QI.Imagery,Mang đến cảm giác tươi mát
QI - Trà lá vối Seventy_DK/NA,271,Trà lá vối Seventy,QI.Imagery,DK/NA
QI - Trà thảo mộc VietFuji_Những thương hiệu được ưa chuộng và phổ biến,2000,Trà thảo mộc VietFuji,QI.Imagery,Những thương hiệu được ưa chuộng và phổ biến
QI - Trà thảo mộc VietFuji_Bao bì có thiết kế thu hút,2000,Trà thảo mộc VietFuji,QI.Imagery,Bao bì có thiết kế thu hút
QI - Trà thảo mộc VietFuji_Nhãn hiệu đáng tin cậy,2000,Trà thảo mộc VietFuji,QI.Imagery,Nhãn hiệu đáng tin cậy
QI - Trà thảo mộc VietFuji_Giá cả hợp lý với chất lượng mang lại,2000,Trà thảo mộc VietFuji,QI.Imagery,Giá cả hợp lý với chất lượng mang lại
QI - Trà thảo mộc VietFuji_Phù hợp để thưởng thức hàng ngày,2000,Trà thảo mộc VietFuji,QI.Imagery,Phù hợp để thưởng thức hàng ngày
QI - Trà thảo mộc VietFuji_Làm dịu cơn khát,2000,Trà thảo mộc VietFuji,QI.Imagery,Làm dịu cơn khát
QI - Trà thảo mộc VietFuji_Vị ngon mà tôi yêu thích,2000,Trà thảo mộc VietFuji,QI.Imagery,Vị ngon mà tôi yêu thích
"QI - Trà thảo mộc VietFuji_Thương hiệu mang tính hiện đại, trẻ trung",2000,Trà thảo mộc VietFuji,QI.Imagery,"Thương hiệu mang tính hiện đại, trẻ trung"
QI - Trà thảo mộc VietFuji_Sản xuất từ nguyên liệu tự nhiên,2000,Trà thảo mộc VietFuji,QI.Imagery,Sản xuất từ nguyên liệu tự nhiên
QI - Trà thảo mộc VietFuji_Mang đến sự vui tươi và lạc quan,2000,Trà thảo mộc VietFuji,QI.Imagery,Mang đến sự vui tươi và lạc quan
QI - Trà thảo mộc VietFuji_Có lợi cho sức khỏe,2000,Trà thảo mộc VietFuji,QI.Imagery,Có lợi cho sức khỏe
QI - Trà thảo mộc VietFuji_Giúp giảm căng thẳng và mệt mỏi,2000,Trà thảo mộc VietFuji,QI.Imagery,Giúp giảm căng thẳng và mệt mỏi
QI - Trà thảo mộc VietFuji_Mang lại cảm giác thư giãn,2000,Trà thảo mộc VietFuji,QI.Imagery,Mang lại cảm giác thư giãn
QI - Trà thảo mộc VietFuji_Giải nhiệt cuộc sống,2000,Trà thảo mộc VietFuji,QI.Imagery,Giải nhiệt cuộc sống
QI - Trà thảo mộc VietFuji_Tạo cảm giác sảng khoái,2000,Trà thảo mộc VietFuji,QI.Imagery,Tạo cảm giác sảng khoái
QI - Trà thảo mộc VietFuji_Tái tạo năng lượng,2000,Trà thảo mộc VietFuji,QI.Imagery,Tái tạo năng lượng
QI - Trà thảo mộc VietFuji_Có nhiều vị để lựa chọn,2000,Trà thảo mộc VietFuji,QI.Imagery,Có nhiều vị để lựa chọn
QI - Trà thảo mộc VietFuji_Mang đến cảm giác tươi mát,2000,Trà thảo mộc VietFuji,QI.Imagery,Mang đến cảm giác tươi mát
QI - Trà thảo mộc VietFuji_DK/NA,2000,Trà thảo mộc VietFuji,QI.Imagery,DK/NA
QI - Trà sữa không độ/ Trà sữa Macchiato_Những thương hiệu được ưa chuộng và phổ biến,3001,Trà sữa không độ/ Trà sữa Macchiato,QI.Imagery,Những thương hiệu được ưa chuộng và phổ biến
QI - Trà sữa không độ/ Trà sữa Macchiato_Bao bì có thiết kế thu hút,3001,Trà sữa không độ/ Trà sữa Macchiato,QI.Imagery,Bao bì có thiết kế thu hút
QI - Trà sữa không độ/ Trà sữa Macchiato_Nhãn hiệu đáng tin cậy,3001,Trà sữa không độ/ Trà sữa Macchiato,QI.Imagery,Nhãn hiệu đáng tin cậy
QI - Trà sữa không độ/ Trà sữa Macchiato_Giá cả hợp lý với chất lượng mang lại,3001,Trà sữa không độ/ Trà sữa Macchiato,QI.Imagery,Giá cả hợp lý với chất lượng mang lại
QI - Trà sữa không độ/ Trà sữa Macchiato_Phù hợp để thưởng thức hàng ngày,3001,Trà sữa không độ/ Trà sữa Macchiato,QI.Imagery,Phù hợp để thưởng thức hàng ngày
QI - Trà sữa không độ/ Trà sữa Macchiato_Làm dịu cơn khát,3001,Trà sữa không độ/ Trà sữa Macchiato,QI.Imagery,Làm dịu cơn khát
QI - Trà sữa không độ/ Trà sữa Macchiato_Vị ngon mà tôi yêu thích,3001,Trà sữa không độ/ Trà sữa Macchiato,QI.Imagery,Vị ngon mà tôi yêu thích
"QI - Trà sữa không độ/ Trà sữa Macchiato_Thương hiệu mang tính hiện đại, trẻ trung",3001,Trà sữa không độ/ Trà sữa Macchiato,QI.Imagery,"Thương hiệu mang tính hiện đại, trẻ trung"
QI - Trà sữa không độ/ Trà sữa Macchiato_Sản xuất từ nguyên liệu tự nhiên,3001,Trà sữa không độ/ Trà sữa Macchiato,QI.Imagery,Sản xuất từ nguyên liệu tự nhiên
QI - Trà sữa không độ/ Trà sữa Macchiato_Mang đến sự vui tươi và lạc quan,3001,Trà sữa không độ/ Trà sữa Macchiato,QI.Imagery,Mang đến sự vui tươi và lạc quan
QI - Trà sữa không độ/ Trà sữa Macchiato_Có lợi cho sức khỏe,3001,Trà sữa không độ/ Trà sữa Macchiato,QI.Imagery,Có lợi cho sức khỏe
QI - Trà sữa không độ/ Trà sữa Macchiato_Giúp giảm căng thẳng và mệt mỏi,3001,Trà sữa không độ/ Trà sữa Macchiato,QI.Imagery,Giúp giảm căng thẳng và mệt mỏi
QI - Trà sữa không độ/ Trà sữa Macchiato_Mang lại cảm giác thư giãn,3001,Trà sữa không độ/ Trà sữa Macchiato,QI.Imagery,Mang lại cảm giác thư giãn
QI - Trà sữa không độ/ Trà sữa Macchiato_Giải nhiệt cuộc sống,3001,Trà sữa không độ/ Trà sữa Macchiato,QI.Imagery,Giải nhiệt cuộc sống
QI - Trà sữa không độ/ Trà sữa Macchiato_Tạo cảm giác sảng khoái,3001,Trà sữa không độ/ Trà sữa Macchiato,QI.Imagery,Tạo cảm giác sảng khoái
QI - Trà sữa không độ/ Trà sữa Macchiato_Tái tạo năng lượng,3001,Trà sữa không độ/ Trà sữa Macchiato,QI.Imagery,Tái tạo năng lượng
QI - Trà sữa không độ/ Trà sữa Macchiato_Có nhiều vị để lựa chọn,3001,Trà sữa không độ/ Trà sữa Macchiato,QI.Imagery,Có nhiều vị để lựa chọn
QI - Trà sữa không độ/ Trà sữa Macchiato_Mang đến cảm giác tươi mát,3001,Trà sữa không độ/ Trà sữa Macchiato,QI.Imagery,Mang đến cảm giác tươi mát
QI - Trà sữa không độ/ Trà sữa Macchiato_DK/NA,3001,Trà sữa không độ/ Trà sữa Macchiato,QI.Imagery,DK/NA
QI - Trà TH True Tea_Những thương hiệu được ưa chuộng và phổ biến,5000,Trà TH True Tea,QI.Imagery,Những thương hiệu được ưa chuộng và phổ biến
QI - Trà TH True Tea_Bao bì có thiết kế thu hút,5000,Trà TH True Tea,QI.Imagery,Bao bì có thiết kế thu hút
QI - Trà TH True Tea_Nhãn hiệu đáng tin cậy,5000,Trà TH True Tea,QI.Imagery,Nhãn hiệu đáng tin cậy
QI - Trà TH True Tea_Giá cả hợp lý với chất lượng mang lại,5000,Trà TH True Tea,QI.Imagery,Giá cả hợp lý với chất lượng mang lại
QI - Trà TH True Tea_Phù hợp để thưởng thức hàng ngày,5000,Trà TH True Tea,QI.Imagery,Phù hợp để thưởng thức hàng ngày
QI - Trà TH True Tea_Làm dịu cơn khát,5000,Trà TH True Tea,QI.Imagery,Làm dịu cơn khát
QI - Trà TH True Tea_Vị ngon mà tôi yêu thích,5000,Trà TH True Tea,QI.Imagery,Vị ngon mà tôi yêu thích
"QI - Trà TH True Tea_Thương hiệu mang tính hiện đại, trẻ trung",5000,Trà TH True Tea,QI.Imagery,"Thương hiệu mang tính hiện đại, trẻ trung"
QI - Trà TH True Tea_Sản xuất từ nguyên liệu tự nhiên,5000,Trà TH True Tea,QI.Imagery,Sản xuất từ nguyên liệu tự nhiên
QI - Trà TH True Tea_Mang đến sự vui tươi và lạc quan,5000,Trà TH True Tea,QI.Imagery,Mang đến sự vui tươi và lạc quan
QI - Trà TH True Tea_Có lợi cho sức khỏe,5000,Trà TH True Tea,QI.Imagery,Có lợi cho sức khỏe
QI - Trà TH True Tea_Giúp giảm căng thẳng và mệt mỏi,5000,Trà TH True Tea,QI.Imagery,Giúp giảm căng thẳng và mệt mỏi
QI - Trà TH True Tea_Mang lại cảm giác thư giãn,5000,Trà TH True Tea,QI.Imagery,Mang lại cảm giác thư giãn
QI - Trà TH True Tea_Giải nhiệt cuộc sống,5000,Trà TH True Tea,QI.Imagery,Giải nhiệt cuộc sống
QI - Trà TH True Tea_Tạo cảm giác sảng khoái,5000,Trà TH True Tea,QI.Imagery,Tạo cảm giác sảng khoái
QI - Trà TH True Tea_Tái tạo năng lượng,5000,Trà TH True Tea,QI.Imagery,Tái tạo năng lượng
QI - Trà TH True Tea_Có nhiều vị để lựa chọn,5000,Trà TH True Tea,QI.Imagery,Có nhiều vị để lựa chọn
QI - Trà TH True Tea_Mang đến cảm giác tươi mát,5000,Trà TH True Tea,QI.Imagery,Mang đến cảm giác tươi mát
QI - Trà TH True Tea_DK/NA,5000,Trà TH True Tea,QI.Imagery,DK/NA
QI - Trà mật ong Boncha_Những thương hiệu được ưa chuộng và phổ biến,6001,Trà mật ong Boncha,QI.Imagery,Những thương hiệu được ưa chuộng và phổ biến
QI - Trà mật ong Boncha_Bao bì có thiết kế thu hút,6001,Trà mật ong Boncha,QI.Imagery,Bao bì có thiết kế thu hút
QI - Trà mật ong Boncha_Nhãn hiệu đáng tin cậy,6001,Trà mật ong Boncha,QI.Imagery,Nhãn hiệu đáng tin cậy
QI - Trà mật ong Boncha_Giá cả hợp lý với chất lượng mang lại,6001,Trà mật ong Boncha,QI.Imagery,Giá cả hợp lý với chất lượng mang lại
QI - Trà mật ong Boncha_Phù hợp để thưởng thức hàng ngày,6001,Trà mật ong Boncha,QI.Imagery,Phù hợp để thưởng thức hàng ngày
QI - Trà mật ong Boncha_Làm dịu cơn khát,6001,Trà mật ong Boncha,QI.Imagery,Làm dịu cơn khát
QI - Trà mật ong Boncha_Vị ngon mà tôi yêu thích,6001,Trà mật ong Boncha,QI.Imagery,Vị ngon mà tôi yêu thích
"QI - Trà mật ong Boncha_Thương hiệu mang tính hiện đại, trẻ trung",6001,Trà mật ong Boncha,QI.Imagery,"Thương hiệu mang tính hiện đại, trẻ trung"
QI - Trà mật ong Boncha_Sản xuất từ nguyên liệu tự nhiên,6001,Trà mật ong Boncha,QI.Imagery,Sản xuất từ nguyên liệu tự nhiên
QI - Trà mật ong Boncha_Mang đến sự vui tươi và lạc quan,6001,Trà mật ong Boncha,QI.Imagery,Mang đến sự vui tươi và lạc quan
QI - Trà mật ong Boncha_Có lợi cho sức khỏe,6001,Trà mật ong Boncha,QI.Imagery,Có lợi cho sức khỏe
QI - Trà mật ong Boncha_Giúp giảm căng thẳng và mệt mỏi,6001,Trà mật ong Boncha,QI.Imagery,Giúp giảm căng thẳng và mệt mỏi
QI - Trà mật ong Boncha_Mang lại cảm giác thư giãn,6001,Trà mật ong Boncha,QI.Imagery,Mang lại cảm giác thư giãn
QI - Trà mật ong Boncha_Giải nhiệt cuộc sống,6001,Trà mật ong Boncha,QI.Imagery,Giải nhiệt cuộc sống
QI - Trà mật ong Boncha_Tạo cảm giác sảng khoái,6001,Trà mật ong Boncha,QI.Imagery,Tạo cảm giác sảng khoái
QI - Trà mật ong Boncha_Tái tạo năng lượng,6001,Trà mật ong Boncha,QI.Imagery,Tái tạo năng lượng
QI - Trà mật ong Boncha_Có nhiều vị để lựa chọn,6001,Trà mật ong Boncha,QI.Imagery,Có nhiều vị để lựa chọn
QI - Trà mật ong Boncha_Mang đến cảm giác tươi mát,6001,Trà mật ong Boncha,QI.Imagery,Mang đến cảm giác tươi mát
QI - Trà mật ong Boncha_DK/NA,6001,Trà mật ong Boncha,QI.Imagery,DK/NA
QI - Trà Jokky_Những thương hiệu được ưa chuộng và phổ biến,7000,Trà Jokky,QI.Imagery,Những thương hiệu được ưa chuộng và phổ biến
QI - Trà Jokky_Bao bì có thiết kế thu hút,7000,Trà Jokky,QI.Imagery,Bao bì có thiết kế thu hút
QI - Trà Jokky_Nhãn hiệu đáng tin cậy,7000,Trà Jokky,QI.Imagery,Nhãn hiệu đáng tin cậy
QI - Trà Jokky_Giá cả hợp lý với chất lượng mang lại,7000,Trà Jokky,QI.Imagery,Giá cả hợp lý với chất lượng mang lại
QI - Trà Jokky_Phù hợp để thưởng thức hàng ngày,7000,Trà Jokky,QI.Imagery,Phù hợp để thưởng thức hàng ngày
QI - Trà Jokky_Làm dịu cơn khát,7000,Trà Jokky,QI.Imagery,Làm dịu cơn khát
QI - Trà Jokky_Vị ngon mà tôi yêu thích,7000,Trà Jokky,QI.Imagery,Vị ngon mà tôi yêu thích
"QI - Trà Jokky_Thương hiệu mang tính hiện đại, trẻ trung",7000,Trà Jokky,QI.Imagery,"Thương hiệu mang tính hiện đại, trẻ trung"
QI - Trà Jokky_Sản xuất từ nguyên liệu tự nhiên,7000,Trà Jokky,QI.Imagery,Sản xuất từ nguyên liệu tự nhiên
QI - Trà Jokky_Mang đến sự vui tươi và lạc quan,7000,Trà Jokky,QI.Imagery,Mang đến sự vui tươi và lạc quan
QI - Trà Jokky_Có lợi cho sức khỏe,7000,Trà Jokky,QI.Imagery,Có lợi cho sức khỏe
QI - Trà Jokky_Giúp giảm căng thẳng và mệt mỏi,7000,Trà Jokky,QI.Imagery,Giúp giảm căng thẳng và mệt mỏi
QI - Trà Jokky_Mang lại cảm giác thư giãn,7000,Trà Jokky,QI.Imagery,Mang lại cảm giác thư giãn
QI - Trà Jokky_Giải nhiệt cuộc sống,7000,Trà Jokky,QI.Imagery,Giải nhiệt cuộc sống
QI - Trà Jokky_Tạo cảm giác sảng khoái,7000,Trà Jokky,QI.Imagery,Tạo cảm giác sảng khoái
QI - Trà Jokky_Tái tạo năng lượng,7000,Trà Jokky,QI.Imagery,Tái tạo năng lượng
QI - Trà Jokky_Có nhiều vị để lựa chọn,7000,Trà Jokky,QI.Imagery,Có nhiều vị để lựa chọn
QI - Trà Jokky_Mang đến cảm giác tươi mát,7000,Trà Jokky,QI.Imagery,Mang đến cảm giác tươi mát
QI - Trà Jokky_DK/NA,7000,Trà Jokky,QI.Imagery,DK/NA
QI - Trà sữa C2_Những thương hiệu được ưa chuộng và phổ biến,8000,Trà sữa C2,QI.Imagery,Những thương hiệu được ưa chuộng và phổ biến
QI - Trà sữa C2_Bao bì có thiết kế thu hút,8000,Trà sữa C2,QI.Imagery,Bao bì có thiết kế thu hút
QI - Trà sữa C2_Nhãn hiệu đáng tin cậy,8000,Trà sữa C2,QI.Imagery,Nhãn hiệu đáng tin cậy
QI - Trà sữa C2_Giá cả hợp lý với chất lượng mang lại,8000,Trà sữa C2,QI.Imagery,Giá cả hợp lý với chất lượng mang lại
QI - Trà sữa C2_Phù hợp để thưởng thức hàng ngày,8000,Trà sữa C2,QI.Imagery,Phù hợp để thưởng thức hàng ngày
QI - Trà sữa C2_Làm dịu cơn khát,8000,Trà sữa C2,QI.Imagery,Làm dịu cơn khát
QI - Trà sữa C2_Vị ngon mà tôi yêu thích,8000,Trà sữa C2,QI.Imagery,Vị ngon mà tôi yêu thích
"QI - Trà sữa C2_Thương hiệu mang tính hiện đại, trẻ trung",8000,Trà sữa C2,QI.Imagery,"Thương hiệu mang tính hiện đại, trẻ trung"
QI - Trà sữa C2_Sản xuất từ nguyên liệu tự nhiên,8000,Trà sữa C2,QI.Imagery,Sản xuất từ nguyên liệu tự nhiên
QI - Trà sữa C2_Mang đến sự vui tươi và lạc quan,8000,Trà sữa C2,QI.Imagery,Mang đến sự vui tươi và lạc quan
QI - Trà sữa C2_Có lợi cho sức khỏe,8000,Trà sữa C2,QI.Imagery,Có lợi cho sức khỏe
QI - Trà sữa C2_Giúp giảm căng thẳng và mệt mỏi,8000,Trà sữa C2,QI.Imagery,Giúp giảm căng thẳng và mệt mỏi
QI - Trà sữa C2_Mang lại cảm giác thư giãn,8000,Trà sữa C2,QI.Imagery,Mang lại cảm giác thư giãn
QI - Trà sữa C2_Giải nhiệt cuộc sống,8000,Trà sữa C2,QI.Imagery,Giải nhiệt cuộc sống
QI - Trà sữa C2_Tạo cảm giác sảng khoái,8000,Trà sữa C2,QI.Imagery,Tạo cảm giác sảng khoái
QI - Trà sữa C2_Tái tạo năng lượng,8000,Trà sữa C2,QI.Imagery,Tái tạo năng lượng
QI - Trà sữa C2_Có nhiều vị để lựa chọn,8000,Trà sữa C2,QI.Imagery,Có nhiều vị để lựa chọn
QI - Trà sữa C2_Mang đến cảm giác tươi mát,8000,Trà sữa C2,QI.Imagery,Mang đến cảm giác tươi mát
QI - Trà sữa C2_DK/NA,8000,Trà sữa C2,QI.Imagery,DK/NA
QI - Búp non 365_Những thương hiệu được ưa chuộng và phổ biến,9000,Búp non 365,QI.Imagery,Những thương hiệu được ưa chuộng và phổ biến
QI - Búp non 365_Bao bì có thiết kế thu hút,9000,Búp non 365,QI.Imagery,Bao bì có thiết kế thu hút
QI - Búp non 365_Nhãn hiệu đáng tin cậy,9000,Búp non 365,QI.Imagery,Nhãn hiệu đáng tin cậy
QI - Búp non 365_Giá cả hợp lý với chất lượng mang lại,9000,Búp non 365,QI.Imagery,Giá cả hợp lý với chất lượng mang lại
QI - Búp non 365_Phù hợp để thưởng thức hàng ngày,9000,Búp non 365,QI.Imagery,Phù hợp để thưởng thức hàng ngày
QI - Búp non 365_Làm dịu cơn khát,9000,Búp non 365,QI.Imagery,Làm dịu cơn khát
QI - Búp non 365_Vị ngon mà tôi yêu thích,9000,Búp non 365,QI.Imagery,Vị ngon mà tôi yêu thích
"QI - Búp non 365_Thương hiệu mang tính hiện đại, trẻ trung",9000,Búp non 365,QI.Imagery,"Thương hiệu mang tính hiện đại, trẻ trung"
QI - Búp non 365_Sản xuất từ nguyên liệu tự nhiên,9000,Búp non 365,QI.Imagery,Sản xuất từ nguyên liệu tự nhiên
QI - Búp non 365_Mang đến sự vui tươi và lạc quan,9000,Búp non 365,QI.Imagery,Mang đến sự vui tươi và lạc quan
QI - Búp non 365_Có lợi cho sức khỏe,9000,Búp non 365,QI.Imagery,Có lợi cho sức khỏe
QI - Búp non 365_Giúp giảm căng thẳng và mệt mỏi,9000,Búp non 365,QI.Imagery,Giúp giảm căng thẳng và mệt mỏi
QI - Búp non 365_Mang lại cảm giác thư giãn,9000,Búp non 365,QI.Imagery,Mang lại cảm giác thư giãn
QI - Búp non 365_Giải nhiệt cuộc sống,9000,Búp non 365,QI.Imagery,Giải nhiệt cuộc sống
QI - Búp non 365_Tạo cảm giác sảng khoái,9000,Búp non 365,QI.Imagery,Tạo cảm giác sảng khoái
QI - Búp non 365_Tái tạo năng lượng,9000,Búp non 365,QI.Imagery,Tái tạo năng lượng
QI - Búp non 365_Có nhiều vị để lựa chọn,9000,Búp non 365,QI.Imagery,Có nhiều vị để lựa chọn
QI - Búp non 365_Mang đến cảm giác tươi mát,9000,Búp non 365,QI.Imagery,Mang đến cảm giác tươi mát
QI - Búp non 365_DK/NA,9000,Búp non 365,QI.Imagery,DK/NA
QME2 - C2_Do not like the flavor/The flavor do not taste good,1,C2,QME2.Barriers,Do not like the flavor/The flavor do not taste good
QME2 - C2_Unhealthy,1,C2,QME2.Barriers,Unhealthy
QME2 - C2_Do not trust in product quality,1,C2,QME2.Barriers,Do not trust in product quality
QME2 - C2_Expensive than I expected,1,C2,QME2.Barriers,Expensive than I expected
QME2 - C2_Too cheap,1,C2,QME2.Barriers,Too cheap
QME2 - C2_Does not have enough flavour that I want to choose,1,C2,QME2.Barriers,Does not have enough flavour that I want to choose
QME2 - C2_Has higher sugar than I needed,1,C2,QME2.Barriers,Has higher sugar than I needed
QME2 - C2_Usually do not have sale promotion while other brands have,1,C2,QME2.Barriers,Usually do not have sale promotion while other brands have
QME2 - C2_Do not want other people see when I drink/buy this brand,1,C2,QME2.Barriers,Do not want other people see when I drink/buy this brand
QME2 - C2_Unpopular brands,1,C2,QME2.Barriers,Unpopular brands
QME2 - C2_Do not like recent packaging designs,1,C2,QME2.Barriers,Do not like recent packaging designs
"QME2 - C2_Does not elegant, premium",1,C2,QME2.Barriers,"Does not elegant, premium"
QME2 - C2_Asked but the store does not sell it,1,C2,QME2.Barriers,Asked but the store does not sell it
QME2 - C2_Not preserved in cool place,1,C2,QME2.Barriers,Not preserved in cool place
QME2 - C2_None,1,C2,QME2.Barriers,None
QME2 - OLong Tea Plus_Do not like the flavor/The flavor do not taste good,8,OLong Tea Plus,QME2.Barriers,Do not like the flavor/The flavor do not taste good
QME2 - OLong Tea Plus_Unhealthy,8,OLong Tea Plus,QME2.Barriers,Unhealthy
QME2 - OLong Tea Plus_Do not trust in product quality,8,OLong Tea Plus,QME2.Barriers,Do not trust in product quality
QME2 - OLong Tea Plus_Expensive than I expected,8,OLong Tea Plus,QME2.Barriers,Expensive than I expected
QME2 - OLong Tea Plus_Too cheap,8,OLong Tea Plus,QME2.Barriers,Too cheap
QME2 - OLong Tea Plus_Does not have enough flavour that I want to choose,8,OLong Tea Plus,QME2.Barriers,Does not have enough flavour that I want to choose
QME2 - OLong Tea Plus_Has higher sugar than I needed,8,OLong Tea Plus,QME2.Barriers,Has higher sugar than I needed
QME2 - OLong Tea Plus_Usually do not have sale promotion while other brands have,8,OLong Tea Plus,QME2.Barriers,Usually do not have sale promotion while other brands have
QME2 - OLong Tea Plus_Do not want other people see when I drink/buy this brand,8,OLong Tea Plus,QME2.Barriers,Do not want other people see when I drink/buy this brand
QME2 - OLong Tea Plus_Unpopular brands,8,OLong Tea Plus,QME2.Barriers,Unpopular brands
QME2 - OLong Tea Plus_Do not like recent packaging designs,8,OLong Tea Plus,QME2.Barriers,Do not like recent packaging designs
"QME2 - OLong Tea Plus_Does not elegant, premium",8,OLong Tea Plus,QME2.Barriers,"Does not elegant, premium"
QME2 - OLong Tea Plus_Asked but the store does not sell it,8,OLong Tea Plus,QME2.Barriers,Asked but the store does not sell it
QME2 - OLong Tea Plus_Not preserved in cool place,8,OLong Tea Plus,QME2.Barriers,Not preserved in cool place
QME2 - OLong Tea Plus_None,8,OLong Tea Plus,QME2.Barriers,None
QME2 - Không Độ_Do not like the flavor/The flavor do not taste good,11,Không Độ,QME2.Barriers,Do not like the flavor/The flavor do not taste good
QME2 - Không Độ_Unhealthy,11,Không Độ,QME2.Barriers,Unhealthy
QME2 - Không Độ_Do not trust in product quality,11,Không Độ,QME2.Barriers,Do not trust in product quality
QME2 - Không Độ_Expensive than I expected,11,Không Độ,QME2.Barriers,Expensive than I expected
QME2 - Không Độ_Too cheap,11,Không Độ,QME2.Barriers,Too cheap
QME2 - Không Độ_Does not have enough flavour that I want to choose,11,Không Độ,QME2.Barriers,Does not have enough flavour that I want to choose
QME2 - Không Độ_Has higher sugar than I needed,11,Không Độ,QME2.Barriers,Has higher sugar than I needed
QME2 - Không Độ_Usually do not have sale promotion while other brands have,11,Không Độ,QME2.Barriers,Usually do not have sale promotion while other brands have
QME2 - Không Độ_Do not want other people see when I drink/buy this brand,11,Không Độ,QME2.Barriers,Do not want other people see when I drink/buy this brand
QME2 - Không Độ_Unpopular brands,11,Không Độ,QME2.Barriers,Unpopular brands
QME2 - Không Độ_Do not like recent packaging designs,11,Không Độ,QME2.Barriers,Do not like recent packaging designs
"QME2 - Không Độ_Does not elegant, premium",11,Không Độ,QME2.Barriers,"Does not elegant, premium"
QME2 - Không Độ_Asked but the store does not sell it,11,Không Độ,QME2.Barriers,Asked but the store does not sell it
QME2 - Không Độ_Not preserved in cool place,11,Không Độ,QME2.Barriers,Not preserved in cool place
QME2 - Không Độ_None,11,Không Độ,QME2.Barriers,None
QME2 - Trà Cozy đóng chai_Do not like the flavor/The flavor do not taste good,15,Trà Cozy đóng chai,QME2.Barriers,Do not like the flavor/The flavor do not taste good
QME2 - Trà Cozy đóng chai_Unhealthy,15,Trà Cozy đóng chai,QME2.Barriers,Unhealthy
QME2 - Trà Cozy đóng chai_Do not trust in product quality,15,Trà Cozy đóng chai,QME2.Barriers,Do not trust in product quality
QME2 - Trà Cozy đóng chai_Expensive than I expected,15,Trà Cozy đóng chai,QME2.Barriers,Expensive than I expected
QME2 - Trà Cozy đóng chai_Too cheap,15,Trà Cozy đóng chai,QME2.Barriers,Too cheap
QME2 - Trà Cozy đóng chai_Does not have enough flavour that I want to choose,15,Trà Cozy đóng chai,QME2.Barriers,Does not have enough flavour that I want to choose
QME2 - Trà Cozy đóng chai_Has higher sugar than I needed,15,Trà Cozy đóng chai,QME2.Barriers,Has higher sugar than I needed
QME2 - Trà Cozy đóng chai_Usually do not have sale promotion while other brands have,15,Trà Cozy đóng chai,QME2.Barriers,Usually do not have sale promotion while other brands have
QME2 - Trà Cozy đóng chai_Do not want other people see when I drink/buy this brand,15,Trà Cozy đóng chai,QME2.Barriers,Do not want other people see when I drink/buy this brand
QME2 - Trà Cozy đóng chai_Unpopular brands,15,Trà Cozy đóng chai,QME2.Barriers,Unpopular brands
QME2 - Trà Cozy đóng chai_Do not like recent packaging designs,15,Trà Cozy đóng chai,QME2.Barriers,Do not like recent packaging designs
"QME2 - Trà Cozy đóng chai_Does not elegant, premium",15,Trà Cozy đóng chai,QME2.Barriers,"Does not elegant, premium"
QME2 - Trà Cozy đóng chai_Asked but the store does not sell it,15,Trà Cozy đóng chai,QME2.Barriers,Asked but the store does not sell it
QME2 - Trà Cozy đóng chai_Not preserved in cool place,15,Trà Cozy đóng chai,QME2.Barriers,Not preserved in cool place
QME2 - Trà Cozy đóng chai_None,15,Trà Cozy đóng chai,QME2.Barriers,None
QME2 - Dr. Thanh_Do not like the flavor/The flavor do not taste good,19,Dr. Thanh,QME2.Barriers,Do not like the flavor/The flavor do not taste good
QME2 - Dr. Thanh_Unhealthy,19,Dr. Thanh,QME2.Barriers,Unhealthy
QME2 - Dr. Thanh_Do not trust in product quality,19,Dr. Thanh,QME2.Barriers,Do not trust in product quality
QME2 - Dr. Thanh_Expensive than I expected,19,Dr. Thanh,QME2.Barriers,Expensive than I expected
QME2 - Dr. Thanh_Too cheap,19,Dr. Thanh,QME2.Barriers,Too cheap
QME2 - Dr. Thanh_Does not have enough flavour that I want to choose,19,Dr. Thanh,QME2.Barriers,Does not have enough flavour that I want to choose
QME2 - Dr. Thanh_Has higher sugar than I needed,19,Dr. Thanh,QME2.Barriers,Has higher sugar than I needed
QME2 - Dr. Thanh_Usually do not have sale promotion while other brands have,19,Dr. Thanh,QME2.Barriers,Usually do not have sale promotion while other brands have
QME2 - Dr. Thanh_Do not want other people see when I drink/buy this brand,19,Dr. Thanh,QME2.Barriers,Do not want other people see when I drink/buy this brand
QME2 - Dr. Thanh_Unpopular brands,19,Dr. Thanh,QME2.Barriers,Unpopular brands
QME2 - Dr. Thanh_Do not like recent packaging designs,19,Dr. Thanh,QME2.Barriers,Do not like recent packaging designs
"QME2 - Dr. Thanh_Does not elegant, premium",19,Dr. Thanh,QME2.Barriers,"Does not elegant, premium"
QME2 - Dr. Thanh_Asked but the store does not sell it,19,Dr. Thanh,QME2.Barriers,Asked but the store does not sell it
QME2 - Dr. Thanh_Not preserved in cool place,19,Dr. Thanh,QME2.Barriers,Not preserved in cool place
QME2 - Dr. Thanh_None,19,Dr. Thanh,QME2.Barriers,None
QME2 - Trà Tea Go_Do not like the flavor/The flavor do not taste good,23,Trà Tea Go,QME2.Barriers,Do not like the flavor/The flavor do not taste good
QME2 - Trà Tea Go_Unhealthy,23,Trà Tea Go,QME2.Barriers,Unhealthy
QME2 - Trà Tea Go_Do not trust in product quality,23,Trà Tea Go,QME2.Barriers,Do not trust in product quality
QME2 - Trà Tea Go_Expensive than I expected,23,Trà Tea Go,QME2.Barriers,Expensive than I expected
QME2 - Trà Tea Go_Too cheap,23,Trà Tea Go,QME2.Barriers,Too cheap
QME2 - Trà Tea Go_Does not have enough flavour that I want to choose,23,Trà Tea Go,QME2.Barriers,Does not have enough flavour that I want to choose
QME2 - Trà Tea Go_Has higher sugar than I needed,23,Trà Tea Go,QME2.Barriers,Has higher sugar than I needed
QME2 - Trà Tea Go_Usually do not have sale promotion while other brands have,23,Trà Tea Go,QME2.Barriers,Usually do not have sale promotion while other brands have
QME2 - Trà Tea Go_Do not want other people see when I drink/buy this brand,23,Trà Tea Go,QME2.Barriers,Do not want other people see when I drink/buy this brand
QME2 - Trà Tea Go_Unpopular brands,23,Trà Tea Go,QME2.Barriers,Unpopular brands
QME2 - Trà Tea Go_Do not like recent packaging designs,23,Trà Tea Go,QME2.Barriers,Do not like recent packaging designs
"QME2 - Trà Tea Go_Does not elegant, premium",23,Trà Tea Go,QME2.Barriers,"Does not elegant, premium"
QME2 - Trà Tea Go_Asked but the store does not sell it,23,Trà Tea Go,QME2.Barriers,Asked but the store does not sell it
QME2 - Trà Tea Go_Not preserved in cool place,23,Trà Tea Go,QME2.Barriers,Not preserved in cool place
QME2 - Trà Tea Go_None,23,Trà Tea Go,QME2.Barriers,None
QME2 - Trà sữa ít đường Vinamilk Happy Milktea_Do not like the flavor/The flavor do not taste good,261,Trà sữa ít đường Vinamilk Happy Milktea,QME2.Barriers,Do not like the flavor/The flavor do not taste good
QME2 - Trà sữa ít đường Vinamilk Happy Milktea_Unhealthy,261,Trà sữa ít đường Vinamilk Happy Milktea,QME2.Barriers,Unhealthy
QME2 - Trà sữa ít đường Vinamilk Happy Milktea_Do not trust in product quality,261,Trà sữa ít đường Vinamilk Happy Milktea,QME2.Barriers,Do not trust in product quality
QME2 - Trà sữa ít đường Vinamilk Happy Milktea_Expensive than I expected,261,Trà sữa ít đường Vinamilk Happy Milktea,QME2.Barriers,Expensive than I expected
QME2 - Trà sữa ít đường Vinamilk Happy Milktea_Too cheap,261,Trà sữa ít đường Vinamilk Happy Milktea,QME2.Barriers,Too cheap
QME2 - Trà sữa ít đường Vinamilk Happy Milktea_Does not have enough flavour that I want to choose,261,Trà sữa ít đường Vinamilk Happy Milktea,QME2.Barriers,Does not have enough flavour that I want to choose
QME2 - Trà sữa ít đường Vinamilk Happy Milktea_Has higher sugar than I needed,261,Trà sữa ít đường Vinamilk Happy Milktea,QME2.Barriers,Has higher sugar than I needed
QME2 - Trà sữa ít đường Vinamilk Happy Milktea_Usually do not have sale promotion while other brands have,261,Trà sữa ít đường Vinamilk Happy Milktea,QME2.Barriers,Usually do not have sale promotion while other brands have
QME2 - Trà sữa ít đường Vinamilk Happy Milktea_Do not want other people see when I drink/buy this brand,261,Trà sữa ít đường Vinamilk Happy Milktea,QME2.Barriers,Do not want other people see when I drink/buy this brand
QME2 - Trà sữa ít đường Vinamilk Happy Milktea_Unpopular brands,261,Trà sữa ít đường Vinamilk Happy Milktea,QME2.Barriers,Unpopular brands
QME2 - Trà sữa ít đường Vinamilk Happy Milktea_Do not like recent packaging designs,261,Trà sữa ít đường Vinamilk Happy Milktea,QME2.Barriers,Do not like recent packaging designs
"QME2 - Trà sữa ít đường Vinamilk Happy Milktea_Does not elegant, premium",261,Trà sữa ít đường Vinamilk Happy Milktea,QME2.Barriers,"Does not elegant, premium"
QME2 - Trà sữa ít đường Vinamilk Happy Milktea_Asked but the store does not sell it,261,Trà sữa ít đường Vinamilk Happy Milktea,QME2.Barriers,Asked but the store does not sell it
QME2 - Trà sữa ít đường Vinamilk Happy Milktea_Not preserved in cool place,261,Trà sữa ít đường Vinamilk Happy Milktea,QME2.Barriers,Not preserved in cool place
QME2 - Trà sữa ít đường Vinamilk Happy Milktea_None,261,Trà sữa ít đường Vinamilk Happy Milktea,QME2.Barriers,None
QME2 - Trà lá vối Seventy_Do not like the flavor/The flavor do not taste good,271,Trà lá vối Seventy,QME2.Barriers,Do not like the flavor/The flavor do not taste good
QME2 - Trà lá vối Seventy_Unhealthy,271,Trà lá vối Seventy,QME2.Barriers,Unhealthy
QME2 - Trà lá vối Seventy_Do not trust in product quality,271,Trà lá vối Seventy,QME2.Barriers,Do not trust in product quality
QME2 - Trà lá vối Seventy_Expensive than I expected,271,Trà lá vối Seventy,QME2.Barriers,Expensive than I expected
QME2 - Trà lá vối Seventy_Too cheap,271,Trà lá vối Seventy,QME2.Barriers,Too cheap
QME2 - Trà lá vối Seventy_Does not have enough flavour that I want to choose,271,Trà lá vối Seventy,QME2.Barriers,Does not have enough flavour that I want to choose
QME2 - Trà lá vối Seventy_Has higher sugar than I needed,271,Trà lá vối Seventy,QME2.Barriers,Has higher sugar than I needed
QME2 - Trà lá vối Seventy_Usually do not have sale promotion while other brands have,271,Trà lá vối Seventy,QME2.Barriers,Usually do not have sale promotion while other brands have
QME2 - Trà lá vối Seventy_Do not want other people see when I drink/buy this brand,271,Trà lá vối Seventy,QME2.Barriers,Do not want other people see when I drink/buy this brand
QME2 - Trà lá vối Seventy_Unpopular brands,271,Trà lá vối Seventy,QME2.Barriers,Unpopular brands
QME2 - Trà lá vối Seventy_Do not like recent packaging designs,271,Trà lá vối Seventy,QME2.Barriers,Do not like recent packaging designs
"QME2 - Trà lá vối Seventy_Does not elegant, premium",271,Trà lá vối Seventy,QME2.Barriers,"Does not elegant, premium"
QME2 - Trà lá vối Seventy_Asked but the store does not sell it,271,Trà lá vối Seventy,QME2.Barriers,Asked but the store does not sell it
QME2 - Trà lá vối Seventy_Not preserved in cool place,271,Trà lá vối Seventy,QME2.Barriers,Not preserved in cool place
QME2 - Trà lá vối Seventy_None,271,Trà lá vối Seventy,QME2.Barriers,None
QME2 - Trà thảo mộc VietFuji_Do not like the flavor/The flavor do not taste good,2000,Trà thảo mộc VietFuji,QME2.Barriers,Do not like the flavor/The flavor do not taste good
QME2 - Trà thảo mộc VietFuji_Unhealthy,2000,Trà thảo mộc VietFuji,QME2.Barriers,Unhealthy
QME2 - Trà thảo mộc VietFuji_Do not trust in product quality,2000,Trà thảo mộc VietFuji,QME2.Barriers,Do not trust in product quality
QME2 - Trà thảo mộc VietFuji_Expensive than I expected,2000,Trà thảo mộc VietFuji,QME2.Barriers,Expensive than I expected
QME2 - Trà thảo mộc VietFuji_Too cheap,2000,Trà thảo mộc VietFuji,QME2.Barriers,Too cheap
QME2 - Trà thảo mộc VietFuji_Does not have enough flavour that I want to choose,2000,Trà thảo mộc VietFuji,QME2.Barriers,Does not have enough flavour that I want to choose
QME2 - Trà thảo mộc VietFuji_Has higher sugar than I needed,2000,Trà thảo mộc VietFuji,QME2.Barriers,Has higher sugar than I needed
QME2 - Trà thảo mộc VietFuji_Usually do not have sale promotion while other brands have,2000,Trà thảo mộc VietFuji,QME2.Barriers,Usually do not have sale promotion while other brands have
QME2 - Trà thảo mộc VietFuji_Do not want other people see when I drink/buy this brand,2000,Trà thảo mộc VietFuji,QME2.Barriers,Do not want other people see when I drink/buy this brand
QME2 - Trà thảo mộc VietFuji_Unpopular brands,2000,Trà thảo mộc VietFuji,QME2.Barriers,Unpopular brands
QME2 - Trà thảo mộc VietFuji_Do not like recent packaging designs,2000,Trà thảo mộc VietFuji,QME2.Barriers,Do not like recent packaging designs
"QME2 - Trà thảo mộc VietFuji_Does not elegant, premium",2000,Trà thảo mộc VietFuji,QME2.Barriers,"Does not elegant, premium"
QME2 - Trà thảo mộc VietFuji_Asked but the store does not sell it,2000,Trà thảo mộc VietFuji,QME2.Barriers,Asked but the store does not sell it
QME2 - Trà thảo mộc VietFuji_Not preserved in cool place,2000,Trà thảo mộc VietFuji,QME2.Barriers,Not preserved in cool place
QME2 - Trà thảo mộc VietFuji_None,2000,Trà thảo mộc VietFuji,QME2.Barriers,None
QME2 - Trà sữa không độ/ Trà sữa Macchiato_Do not like the flavor/The flavor do not taste good,3001,Trà sữa không độ/ Trà sữa Macchiato,QME2.Barriers,Do not like the flavor/The flavor do not taste good
QME2 - Trà sữa không độ/ Trà sữa Macchiato_Unhealthy,3001,Trà sữa không độ/ Trà sữa Macchiato,QME2.Barriers,Unhealthy
QME2 - Trà sữa không độ/ Trà sữa Macchiato_Do not trust in product quality,3001,Trà sữa không độ/ Trà sữa Macchiato,QME2.Barriers,Do not trust in product quality
QME2 - Trà sữa không độ/ Trà sữa Macchiato_Expensive than I expected,3001,Trà sữa không độ/ Trà sữa Macchiato,QME2.Barriers,Expensive than I expected
QME2 - Trà sữa không độ/ Trà sữa Macchiato_Too cheap,3001,Trà sữa không độ/ Trà sữa Macchiato,QME2.Barriers,Too cheap
QME2 - Trà sữa không độ/ Trà sữa Macchiato_Does not have enough flavour that I want to choose,3001,Trà sữa không độ/ Trà sữa Macchiato,QME2.Barriers,Does not have enough flavour that I want to choose
QME2 - Trà sữa không độ/ Trà sữa Macchiato_Has higher sugar than I needed,3001,Trà sữa không độ/ Trà sữa Macchiato,QME2.Barriers,Has higher sugar than I needed
QME2 - Trà sữa không độ/ Trà sữa Macchiato_Usually do not have sale promotion while other brands have,3001,Trà sữa không độ/ Trà sữa Macchiato,QME2.Barriers,Usually do not have sale promotion while other brands have
QME2 - Trà sữa không độ/ Trà sữa Macchiato_Do not want other people see when I drink/buy this brand,3001,Trà sữa không độ/ Trà sữa Macchiato,QME2.Barriers,Do not want other people see when I drink/buy this brand
QME2 - Trà sữa không độ/ Trà sữa Macchiato_Unpopular brands,3001,Trà sữa không độ/ Trà sữa Macchiato,QME2.Barriers,Unpopular brands
QME2 - Trà sữa không độ/ Trà sữa Macchiato_Do not like recent packaging designs,3001,Trà sữa không độ/ Trà sữa Macchiato,QME2.Barriers,Do not like recent packaging designs
"QME2 - Trà sữa không độ/ Trà sữa Macchiato_Does not elegant, premium",3001,Trà sữa không độ/ Trà sữa Macchiato,QME2.Barriers,"Does not elegant, premium"
QME2 - Trà sữa không độ/ Trà sữa Macchiato_Asked but the store does not sell it,3001,Trà sữa không độ/ Trà sữa Macchiato,QME2.Barriers,Asked but the store does not sell it
QME2 - Trà sữa không độ/ Trà sữa Macchiato_Not preserved in cool place,3001,Trà sữa không độ/ Trà sữa Macchiato,QME2.Barriers,Not preserved in cool place
QME2 - Trà sữa không độ/ Trà sữa Macchiato_None,3001,Trà sữa không độ/ Trà sữa Macchiato,QME2.Barriers,None
QME2 - Trà TH True Tea_Do not like the flavor/The flavor do not taste good,5000,Trà TH True Tea,QME2.Barriers,Do not like the flavor/The flavor do not taste good
QME2 - Trà TH True Tea_Unhealthy,5000,Trà TH True Tea,QME2.Barriers,Unhealthy
QME2 - Trà TH True Tea_Do not trust in product quality,5000,Trà TH True Tea,QME2.Barriers,Do not trust in product quality
QME2 - Trà TH True Tea_Expensive than I expected,5000,Trà TH True Tea,QME2.Barriers,Expensive than I expected
QME2 - Trà TH True Tea_Too cheap,5000,Trà TH True Tea,QME2.Barriers,Too cheap
QME2 - Trà TH True Tea_Does not have enough flavour that I want to choose,5000,Trà TH True Tea,QME2.Barriers,Does not have enough flavour that I want to choose
QME2 - Trà TH True Tea_Has higher sugar than I needed,5000,Trà TH True Tea,QME2.Barriers,Has higher sugar than I needed
QME2 - Trà TH True Tea_Usually do not have sale promotion while other brands have,5000,Trà TH True Tea,QME2.Barriers,Usually do not have sale promotion while other brands have
QME2 - Trà TH True Tea_Do not want other people see when I drink/buy this brand,5000,Trà TH True Tea,QME2.Barriers,Do not want other people see when I drink/buy this brand
QME2 - Trà TH True Tea_Unpopular brands,5000,Trà TH True Tea,QME2.Barriers,Unpopular brands
QME2 - Trà TH True Tea_Do not like recent packaging designs,5000,Trà TH True Tea,QME2.Barriers,Do not like recent packaging designs
"QME2 - Trà TH True Tea_Does not elegant, premium",5000,Trà TH True Tea,QME2.Barriers,"Does not elegant, premium"
QME2 - Trà TH True Tea_Asked but the store does not sell it,5000,Trà TH True Tea,QME2.Barriers,Asked but the store does not sell it
QME2 - Trà TH True Tea_Not preserved in cool place,5000,Trà TH True Tea,QME2.Barriers,Not preserved in cool place
QME2 - Trà TH True Tea_None,5000,Trà TH True Tea,QME2.Barriers,None
QME2 - Trà mật ong Boncha_Do not like the flavor/The flavor do not taste good,6001,Trà mật ong Boncha,QME2.Barriers,Do not like the flavor/The flavor do not taste good
QME2 - Trà mật ong Boncha_Unhealthy,6001,Trà mật ong Boncha,QME2.Barriers,Unhealthy
QME2 - Trà mật ong Boncha_Do not trust in product quality,6001,Trà mật ong Boncha,QME2.Barriers,Do not trust in product quality
QME2 - Trà mật ong Boncha_Expensive than I expected,6001,Trà mật ong Boncha,QME2.Barriers,Expensive than I expected
QME2 - Trà mật ong Boncha_Too cheap,6001,Trà mật ong Boncha,QME2.Barriers,Too cheap
QME2 - Trà mật ong Boncha_Does not have enough flavour that I want to choose,6001,Trà mật ong Boncha,QME2.Barriers,Does not have enough flavour that I want to choose
QME2 - Trà mật ong Boncha_Has higher sugar than I needed,6001,Trà mật ong Boncha,QME2.Barriers,Has higher sugar than I needed
QME2 - Trà mật ong Boncha_Usually do not have sale promotion while other brands have,6001,Trà mật ong Boncha,QME2.Barriers,Usually do not have sale promotion while other brands have
QME2 - Trà mật ong Boncha_Do not want other people see when I drink/buy this brand,6001,Trà mật ong Boncha,QME2.Barriers,Do not want other people see when I drink/buy this brand
QME2 - Trà mật ong Boncha_Unpopular brands,6001,Trà mật ong Boncha,QME2.Barriers,Unpopular brands
QME2 - Trà mật ong Boncha_Do not like recent packaging designs,6001,Trà mật ong Boncha,QME2.Barriers,Do not like recent packaging designs
"QME2 - Trà mật ong Boncha_Does not elegant, premium",6001,Trà mật ong Boncha,QME2.Barriers,"Does not elegant, premium"
QME2 - Trà mật ong Boncha_Asked but the store does not sell it,6001,Trà mật ong Boncha,QME2.Barriers,Asked but the store does not sell it
QME2 - Trà mật ong Boncha_Not preserved in cool place,6001,Trà mật ong Boncha,QME2.Barriers,Not preserved in cool place
QME2 - Trà mật ong Boncha_None,6001,Trà mật ong Boncha,QME2.Barriers,None
QME2 - Trà Jokky_Do not like the flavor/The flavor do not taste good,7000,Trà Jokky,QME2.Barriers,Do not like the flavor/The flavor do not taste good
QME2 - Trà Jokky_Unhealthy,7000,Trà Jokky,QME2.Barriers,Unhealthy
QME2 - Trà Jokky_Do not trust in product quality,7000,Trà Jokky,QME2.Barriers,Do not trust in product quality
QME2 - Trà Jokky_Expensive than I expected,7000,Trà Jokky,QME2.Barriers,Expensive than I expected
QME2 - Trà Jokky_Too cheap,7000,Trà Jokky,QME2.Barriers,Too cheap
QME2 - Trà Jokky_Does not have enough flavour that I want to choose,7000,Trà Jokky,QME2.Barriers,Does not have enough flavour that I want to choose
QME2 - Trà Jokky_Has higher sugar than I needed,7000,Trà Jokky,QME2.Barriers,Has higher sugar than I needed
QME2 - Trà Jokky_Usually do not have sale promotion while other brands have,7000,Trà Jokky,QME2.Barriers,Usually do not have sale promotion while other brands have
QME2 - Trà Jokky_Do not want other people see when I drink/buy this brand,7000,Trà Jokky,QME2.Barriers,Do not want other people see when I drink/buy this brand
QME2 - Trà Jokky_Unpopular brands,7000,Trà Jokky,QME2.Barriers,Unpopular brands
QME2 - Trà Jokky_Do not like recent packaging designs,7000,Trà Jokky,QME2.Barriers,Do not like recent packaging designs
"QME2 - Trà Jokky_Does not elegant, premium",7000,Trà Jokky,QME2.Barriers,"Does not elegant, premium"
QME2 - Trà Jokky_Asked but the store does not sell it,7000,Trà Jokky,QME2.Barriers,Asked but the store does not sell it
QME2 - Trà Jokky_Not preserved in cool place,7000,Trà Jokky,QME2.Barriers,Not preserved in cool place
QME2 - Trà Jokky_None,7000,Trà Jokky,QME2.Barriers,None
QME2 - Trà sữa C2_Do not like the flavor/The flavor do not taste good,8000,Trà sữa C2,QME2.Barriers,Do not like the flavor/The flavor do not taste good
QME2 - Trà sữa C2_Unhealthy,8000,Trà sữa C2,QME2.Barriers,Unhealthy
QME2 - Trà sữa C2_Do not trust in product quality,8000,Trà sữa C2,QME2.Barriers,Do not trust in product quality
QME2 - Trà sữa C2_Expensive than I expected,8000,Trà sữa C2,QME2.Barriers,Expensive than I expected
QME2 - Trà sữa C2_Too cheap,8000,Trà sữa C2,QME2.Barriers,Too cheap
QME2 - Trà sữa C2_Does not have enough flavour that I want to choose,8000,Trà sữa C2,QME2.Barriers,Does not have enough flavour that I want to choose
QME2 - Trà sữa C2_Has higher sugar than I needed,8000,Trà sữa C2,QME2.Barriers,Has higher sugar than I needed
QME2 - Trà sữa C2_Usually do not have sale promotion while other brands have,8000,Trà sữa C2,QME2.Barriers,Usually do not have sale promotion while other brands have
QME2 - Trà sữa C2_Do not want other people see when I drink/buy this brand,8000,Trà sữa C2,QME2.Barriers,Do not want other people see when I drink/buy this brand
QME2 - Trà sữa C2_Unpopular brands,8000,Trà sữa C2,QME2.Barriers,Unpopular brands
QME2 - Trà sữa C2_Do not like recent packaging designs,8000,Trà sữa C2,QME2.Barriers,Do not like recent packaging designs
"QME2 - Trà sữa C2_Does not elegant, premium",8000,Trà sữa C2,QME2.Barriers,"Does not elegant, premium"
QME2 - Trà sữa C2_Asked but the store does not sell it,8000,Trà sữa C2,QME2.Barriers,Asked but the store does not sell it
QME2 - Trà sữa C2_Not preserved in cool place,8000,Trà sữa C2,QME2.Barriers,Not preserved in cool place
QME2 - Trà sữa C2_None,8000,Trà sữa C2,QME2.Barriers,None
QME2 - Búp non 365_Do not like the flavor/The flavor do not taste good,9000,Búp non 365,QME2.Barriers,Do not like the flavor/The flavor do not taste good
QME2 - Búp non 365_Unhealthy,9000,Búp non 365,QME2.Barriers,Unhealthy
QME2 - Búp non 365_Do not trust in product quality,9000,Búp non 365,QME2.Barriers,Do not trust in product quality
QME2 - Búp non 365_Expensive than I expected,9000,Búp non 365,QME2.Barriers,Expensive than I expected
QME2 - Búp non 365_Too cheap,9000,Búp non 365,QME2.Barriers,Too cheap
QME2 - Búp non 365_Does not have enough flavour that I want to choose,9000,Búp non 365,QME2.Barriers,Does not have enough flavour that I want to choose
QME2 - Búp non 365_Has higher sugar than I needed,9000,Búp non 365,QME2.Barriers,Has higher sugar than I needed
QME2 - Búp non 365_Usually do not have sale promotion while other brands have,9000,Búp non 365,QME2.Barriers,Usually do not have sale promotion while other brands have
QME2 - Búp non 365_Do not want other people see when I drink/buy this brand,9000,Búp non 365,QME2.Barriers,Do not want other people see when I drink/buy this brand
QME2 - Búp non 365_Unpopular brands,9000,Búp non 365,QME2.Barriers,Unpopular brands
QME2 - Búp non 365_Do not like recent packaging designs,9000,Búp non 365,QME2.Barriers,Do not like recent packaging designs
"QME2 - Búp non 365_Does not elegant, premium",9000,Búp non 365,QME2.Barriers,"Does not elegant, premium"
QME2 - Búp non 365_Asked but the store does not sell it,9000,Búp non 365,QME2.Barriers,Asked but the store does not sell it
QME2 - Búp non 365_Not preserved in cool place,9000,Búp non 365,QME2.Barriers,Not preserved in cool place
QME2 - Búp non 365_None,9000,Búp non 365,QME2.Barriers,None
Q_TP1_C1_R1- C2_Advertising on TV,1,C2,Q_TP1.Touchpoints,Advertising on TV
"Q_TP1_C2_R1- C2_Advertising on Internet (website, Facebook, YouTube, etc)",1,C2,Q_TP1.Touchpoints,R1
"Q_TP1_C4_R1- C2_Outdoor billboard (2 side of the streets, on the building)",1,C2,Q_TP1.Touchpoints,"Outdoor billboard (2 side of the streets, on the building)"
"Q_TP1_C5_R1- C2_Transportation display (bus, car wrap)",1,C2,Q_TP1.Touchpoints,"Transportation display (bus, car wrap)"
Q_TP1_C6_R1- C2_Advertising on the LCD/ad frame in the office building,1,C2,Q_TP1.Touchpoints,Advertising on the LCD/ad frame in the office building
Q_TP1_C7_R1- C2_Events/ Activations,1,C2,Q_TP1.Touchpoints,Events/ Activations
"Q_TP1_C8_R1- C2_Product display in stores, supermarket, …",1,C2,Q_TP1.Touchpoints,"Product display in stores, supermarket, …"
Q_TP1_C9_R1- C2_Poster in stores,1,C2,Q_TP1.Touchpoints,Poster in stores
Q_TP1_C10_R1- C2_Advertising on store sign/ light box,1,C2,Q_TP1.Touchpoints,Advertising on store sign/ light box
"Q_TP1_C11_R1- C2_Promotion in stores, supermarket, …",1,C2,Q_TP1.Touchpoints,"Promotion in stores, supermarket, …"
Q_TP1_C12_R1- C2_Marketing staff/ PG,1,C2,Q_TP1.Touchpoints,Marketing staff/ PG
Q_TP1_C13_R1- C2_Recommended by seller,1,C2,Q_TP1.Touchpoints,Recommended by seller
Q_TP1_C14_R1- C2_Recommended by friends/relatives,1,C2,Q_TP1.Touchpoints,Recommended by friends/relatives
Q_TP1_C15_R1- C2_Seeing others use,1,C2,Q_TP1.Touchpoints,Seeing others use
Q_TP1_C16_R1- C2_Sampling/ Free sample trial,1,C2,Q_TP1.Touchpoints,Sampling/ Free sample trial
"Q_TP1_C17_R1- C2_Advertising on newspaper, magazines",1,C2,Q_TP1.Touchpoints,"Advertising on newspaper, magazines"
Q_TP1_C18_R1- C2_Advertising on radio,1,C2,Q_TP1.Touchpoints,Advertising on radio
Q_TP1_C99_R1- C2_None of these,1,C2,Q_TP1.Touchpoints,None of these
Q_TP1_C1_R7- OLong Tea Plus_Advertising on TV,8,OLong Tea Plus,Q_TP1.Touchpoints,Advertising on TV
"Q_TP1_C2_R7- OLong Tea Plus_Advertising on Internet (website, Facebook, YouTube, etc)",8,OLong Tea Plus,Q_TP1.Touchpoints,"Advertising on Internet (website, Facebook, YouTube, etc)"
"Q_TP1_C4_R7- OLong Tea Plus_Outdoor billboard (2 side of the streets, on the building)",8,OLong Tea Plus,Q_TP1.Touchpoints,"Outdoor billboard (2 side of the streets, on the building)"
"Q_TP1_C5_R7- OLong Tea Plus_Transportation display (bus, car wrap)",8,OLong Tea Plus,Q_TP1.Touchpoints,"Transportation display (bus, car wrap)"
Q_TP1_C6_R7- OLong Tea Plus_Advertising on the LCD/ad frame in the office building,8,OLong Tea Plus,Q_TP1.Touchpoints,Advertising on the LCD/ad frame in the office building
Q_TP1_C7_R7- OLong Tea Plus_Events/ Activations,8,OLong Tea Plus,Q_TP1.Touchpoints,Events/ Activations
"Q_TP1_C8_R7- OLong Tea Plus_Product display in stores, supermarket, …",8,OLong Tea Plus,Q_TP1.Touchpoints,"Product display in stores, supermarket, …"
Q_TP1_C9_R7- OLong Tea Plus_Poster in stores,8,OLong Tea Plus,Q_TP1.Touchpoints,Poster in stores
Q_TP1_C10_R7- OLong Tea Plus_Advertising on store sign/ light box,8,OLong Tea Plus,Q_TP1.Touchpoints,Advertising on store sign/ light box
"Q_TP1_C11_R7- OLong Tea Plus_Promotion in stores, supermarket, …",8,OLong Tea Plus,Q_TP1.Touchpoints,"Promotion in stores, supermarket, …"
Q_TP1_C12_R7- OLong Tea Plus_Marketing staff/ PG,8,OLong Tea Plus,Q_TP1.Touchpoints,Marketing staff/ PG
Q_TP1_C13_R7- OLong Tea Plus_Recommended by seller,8,OLong Tea Plus,Q_TP1.Touchpoints,Recommended by seller
Q_TP1_C14_R7- OLong Tea Plus_Recommended by friends/relatives,8,OLong Tea Plus,Q_TP1.Touchpoints,Recommended by friends/relatives
Q_TP1_C15_R7- OLong Tea Plus_Seeing others use,8,OLong Tea Plus,Q_TP1.Touchpoints,Seeing others use
Q_TP1_C16_R7- OLong Tea Plus_Sampling/ Free sample trial,8,OLong Tea Plus,Q_TP1.Touchpoints,Sampling/ Free sample trial
"Q_TP1_C17_R7- OLong Tea Plus_Advertising on newspaper, magazines",8,OLong Tea Plus,Q_TP1.Touchpoints,"Advertising on newspaper, magazines"
Q_TP1_C18_R7- OLong Tea Plus_Advertising on radio,8,OLong Tea Plus,Q_TP1.Touchpoints,Advertising on radio
Q_TP1_C99_R7- OLong Tea Plus_None of these,8,OLong Tea Plus,Q_TP1.Touchpoints,None of these
Q_TP1_C1_R11- Không Độ_Advertising on TV,11,Không Độ,Q_TP1.Touchpoints,Advertising on TV
"Q_TP1_C2_R11- Không Độ_Advertising on Internet (website, Facebook, YouTube, etc)",11,Không Độ,Q_TP1.Touchpoints,"Advertising on Internet (website, Facebook, YouTube, etc)"
"Q_TP1_C4_R11- Không Độ_Outdoor billboard (2 side of the streets, on the building)",11,Không Độ,Q_TP1.Touchpoints,"Outdoor billboard (2 side of the streets, on the building)"
"Q_TP1_C5_R11- Không Độ_Transportation display (bus, car wrap)",11,Không Độ,Q_TP1.Touchpoints,"Transportation display (bus, car wrap)"
Q_TP1_C6_R11- Không Độ_Advertising on the LCD/ad frame in the office building,11,Không Độ,Q_TP1.Touchpoints,Advertising on the LCD/ad frame in the office building
Q_TP1_C7_R11- Không Độ_Events/ Activations,11,Không Độ,Q_TP1.Touchpoints,Events/ Activations
"Q_TP1_C8_R11- Không Độ_Product display in stores, supermarket, …",11,Không Độ,Q_TP1.Touchpoints,"Product display in stores, supermarket, …"
Q_TP1_C9_R11- Không Độ_Poster in stores,11,Không Độ,Q_TP1.Touchpoints,Poster in stores
Q_TP1_C10_R11- Không Độ_Advertising on store sign/ light box,11,Không Độ,Q_TP1.Touchpoints,Advertising on store sign/ light box
"Q_TP1_C11_R11- Không Độ_Promotion in stores, supermarket, …",11,Không Độ,Q_TP1.Touchpoints,"Promotion in stores, supermarket, …"
Q_TP1_C12_R11- Không Độ_Marketing staff/ PG,11,Không Độ,Q_TP1.Touchpoints,Marketing staff/ PG
Q_TP1_C13_R11- Không Độ_Recommended by seller,11,Không Độ,Q_TP1.Touchpoints,Recommended by seller
Q_TP1_C14_R11- Không Độ_Recommended by friends/relatives,11,Không Độ,Q_TP1.Touchpoints,Recommended by friends/relatives
Q_TP1_C15_R11- Không Độ_Seeing others use,11,Không Độ,Q_TP1.Touchpoints,Seeing others use
Q_TP1_C16_R11- Không Độ_Sampling/ Free sample trial,11,Không Độ,Q_TP1.Touchpoints,Sampling/ Free sample trial
"Q_TP1_C17_R11- Không Độ_Advertising on newspaper, magazines",11,Không Độ,Q_TP1.Touchpoints,"Advertising on newspaper, magazines"
Q_TP1_C18_R11- Không Độ_Advertising on radio,11,Không Độ,Q_TP1.Touchpoints,Advertising on radio
Q_TP1_C99_R11- Không Độ_None of these,11,Không Độ,Q_TP1.Touchpoints,None of these
Q_TP1_C1_R15- Trà Cozy đóng chai_Advertising on TV,15,Trà Cozy đóng chai,Q_TP1.Touchpoints,Advertising on TV
"Q_TP1_C2_R15- Trà Cozy đóng chai_Advertising on Internet (website, Facebook, YouTube, etc)",15,Trà Cozy đóng chai,Q_TP1.Touchpoints,"Advertising on Internet (website, Facebook, YouTube, etc)"
"Q_TP1_C4_R15- Trà Cozy đóng chai_Outdoor billboard (2 side of the streets, on the building)",15,Trà Cozy đóng chai,Q_TP1.Touchpoints,"Outdoor billboard (2 side of the streets, on the building)"
"Q_TP1_C5_R15- Trà Cozy đóng chai_Transportation display (bus, car wrap)",15,Trà Cozy đóng chai,Q_TP1.Touchpoints,"Transportation display (bus, car wrap)"
Q_TP1_C6_R15- Trà Cozy đóng chai_Advertising on the LCD/ad frame in the office building,15,Trà Cozy đóng chai,Q_TP1.Touchpoints,Advertising on the LCD/ad frame in the office building
Q_TP1_C7_R15- Trà Cozy đóng chai_Events/ Activations,15,Trà Cozy đóng chai,Q_TP1.Touchpoints,Events/ Activations
"Q_TP1_C8_R15- Trà Cozy đóng chai_Product display in stores, supermarket, …",15,Trà Cozy đóng chai,Q_TP1.Touchpoints,"Product display in stores, supermarket, …"
Q_TP1_C9_R15- Trà Cozy đóng chai_Poster in stores,15,Trà Cozy đóng chai,Q_TP1.Touchpoints,Poster in stores
Q_TP1_C10_R15- Trà Cozy đóng chai_Advertising on store sign/ light box,15,Trà Cozy đóng chai,Q_TP1.Touchpoints,Advertising on store sign/ light box
"Q_TP1_C11_R15- Trà Cozy đóng chai_Promotion in stores, supermarket, …",15,Trà Cozy đóng chai,Q_TP1.Touchpoints,"Promotion in stores, supermarket, …"
Q_TP1_C12_R15- Trà Cozy đóng chai_Marketing staff/ PG,15,Trà Cozy đóng chai,Q_TP1.Touchpoints,Marketing staff/ PG
Q_TP1_C13_R15- Trà Cozy đóng chai_Recommended by seller,15,Trà Cozy đóng chai,Q_TP1.Touchpoints,Recommended by seller
Q_TP1_C14_R15- Trà Cozy đóng chai_Recommended by friends/relatives,15,Trà Cozy đóng chai,Q_TP1.Touchpoints,Recommended by friends/relatives
Q_TP1_C15_R15- Trà Cozy đóng chai_Seeing others use,15,Trà Cozy đóng chai,Q_TP1.Touchpoints,Seeing others use
Q_TP1_C16_R15- Trà Cozy đóng chai_Sampling/ Free sample trial,15,Trà Cozy đóng chai,Q_TP1.Touchpoints,Sampling/ Free sample trial
"Q_TP1_C17_R15- Trà Cozy đóng chai_Advertising on newspaper, magazines",15,Trà Cozy đóng chai,Q_TP1.Touchpoints,"Advertising on newspaper, magazines"
Q_TP1_C18_R15- Trà Cozy đóng chai_Advertising on radio,15,Trà Cozy đóng chai,Q_TP1.Touchpoints,Advertising on radio
Q_TP1_C99_R15- Trà Cozy đóng chai_None of these,15,Trà Cozy đóng chai,Q_TP1.Touchpoints,None of these
Q_TP1_C1_R19- Dr. Thanh_Advertising on TV,19,Dr. Thanh,Q_TP1.Touchpoints,Advertising on TV
"Q_TP1_C2_R19- Dr. Thanh_Advertising on Internet (website, Facebook, YouTube, etc)",19,Dr. Thanh,Q_TP1.Touchpoints,"Advertising on Internet (website, Facebook, YouTube, etc)"
"Q_TP1_C4_R19- Dr. Thanh_Outdoor billboard (2 side of the streets, on the building)",19,Dr. Thanh,Q_TP1.Touchpoints,"Outdoor billboard (2 side of the streets, on the building)"
"Q_TP1_C5_R19- Dr. Thanh_Transportation display (bus, car wrap)",19,Dr. Thanh,Q_TP1.Touchpoints,"Transportation display (bus, car wrap)"
Q_TP1_C6_R19- Dr. Thanh_Advertising on the LCD/ad frame in the office building,19,Dr. Thanh,Q_TP1.Touchpoints,Advertising on the LCD/ad frame in the office building
Q_TP1_C7_R19- Dr. Thanh_Events/ Activations,19,Dr. Thanh,Q_TP1.Touchpoints,Events/ Activations
"Q_TP1_C8_R19- Dr. Thanh_Product display in stores, supermarket, …",19,Dr. Thanh,Q_TP1.Touchpoints,"Product display in stores, supermarket, …"
Q_TP1_C9_R19- Dr. Thanh_Poster in stores,19,Dr. Thanh,Q_TP1.Touchpoints,Poster in stores
Q_TP1_C10_R19- Dr. Thanh_Advertising on store sign/ light box,19,Dr. Thanh,Q_TP1.Touchpoints,Advertising on store sign/ light box
"Q_TP1_C11_R19- Dr. Thanh_Promotion in stores, supermarket, …",19,Dr. Thanh,Q_TP1.Touchpoints,"Promotion in stores, supermarket, …"
Q_TP1_C12_R19- Dr. Thanh_Marketing staff/ PG,19,Dr. Thanh,Q_TP1.Touchpoints,Marketing staff/ PG
Q_TP1_C13_R19- Dr. Thanh_Recommended by seller,19,Dr. Thanh,Q_TP1.Touchpoints,Recommended by seller
Q_TP1_C14_R19- Dr. Thanh_Recommended by friends/relatives,19,Dr. Thanh,Q_TP1.Touchpoints,Recommended by friends/relatives
Q_TP1_C15_R19- Dr. Thanh_Seeing others use,19,Dr. Thanh,Q_TP1.Touchpoints,Seeing others use
Q_TP1_C16_R19- Dr. Thanh_Sampling/ Free sample trial,19,Dr. Thanh,Q_TP1.Touchpoints,Sampling/ Free sample trial
"Q_TP1_C17_R19- Dr. Thanh_Advertising on newspaper, magazines",19,Dr. Thanh,Q_TP1.Touchpoints,"Advertising on newspaper, magazines"
Q_TP1_C18_R19- Dr. Thanh_Advertising on radio,19,Dr. Thanh,Q_TP1.Touchpoints,Advertising on radio
Q_TP1_C99_R19- Dr. Thanh_None of these,19,Dr. Thanh,Q_TP1.Touchpoints,None of these
Q_TP1_C1_R23- Trà Tea Go_Advertising on TV,23,Trà Tea Go,Q_TP1.Touchpoints,Advertising on TV
"Q_TP1_C2_R23- Trà Tea Go_Advertising on Internet (website, Facebook, YouTube, etc)",23,Trà Tea Go,Q_TP1.Touchpoints,"Advertising on Internet (website, Facebook, YouTube, etc)"
"Q_TP1_C4_R23- Trà Tea Go_Outdoor billboard (2 side of the streets, on the building)",23,Trà Tea Go,Q_TP1.Touchpoints,"Outdoor billboard (2 side of the streets, on the building)"
"Q_TP1_C5_R23- Trà Tea Go_Transportation display (bus, car wrap)",23,Trà Tea Go,Q_TP1.Touchpoints,"Transportation display (bus, car wrap)"
Q_TP1_C6_R23- Trà Tea Go_Advertising on the LCD/ad frame in the office building,23,Trà Tea Go,Q_TP1.Touchpoints,Advertising on the LCD/ad frame in the office building
Q_TP1_C7_R23- Trà Tea Go_Events/ Activations,23,Trà Tea Go,Q_TP1.Touchpoints,Events/ Activations
"Q_TP1_C8_R23- Trà Tea Go_Product display in stores, supermarket, …",23,Trà Tea Go,Q_TP1.Touchpoints,"Product display in stores, supermarket, …"
Q_TP1_C9_R23- Trà Tea Go_Poster in stores,23,Trà Tea Go,Q_TP1.Touchpoints,Poster in stores
Q_TP1_C10_R23- Trà Tea Go_Advertising on store sign/ light box,23,Trà Tea Go,Q_TP1.Touchpoints,Advertising on store sign/ light box
"Q_TP1_C11_R23- Trà Tea Go_Promotion in stores, supermarket, …",23,Trà Tea Go,Q_TP1.Touchpoints,"Promotion in stores, supermarket, …"
Q_TP1_C12_R23- Trà Tea Go_Marketing staff/ PG,23,Trà Tea Go,Q_TP1.Touchpoints,Marketing staff/ PG
Q_TP1_C13_R23- Trà Tea Go_Recommended by seller,23,Trà Tea Go,Q_TP1.Touchpoints,Recommended by seller
Q_TP1_C14_R23- Trà Tea Go_Recommended by friends/relatives,23,Trà Tea Go,Q_TP1.Touchpoints,Recommended by friends/relatives
Q_TP1_C15_R23- Trà Tea Go_Seeing others use,23,Trà Tea Go,Q_TP1.Touchpoints,Seeing others use
Q_TP1_C16_R23- Trà Tea Go_Sampling/ Free sample trial,23,Trà Tea Go,Q_TP1.Touchpoints,Sampling/ Free sample trial
"Q_TP1_C17_R23- Trà Tea Go_Advertising on newspaper, magazines",23,Trà Tea Go,Q_TP1.Touchpoints,"Advertising on newspaper, magazines"
Q_TP1_C18_R23- Trà Tea Go_Advertising on radio,23,Trà Tea Go,Q_TP1.Touchpoints,Advertising on radio
Q_TP1_C99_R23- Trà Tea Go_None of these,23,Trà Tea Go,Q_TP1.Touchpoints,None of these
Q_TP1_C1_R26- Trà sữa ít đường Vinamilk Happy Milktea_Advertising on TV,261,Trà sữa ít đường Vinamilk Happy Milktea,Q_TP1.Touchpoints,Advertising on TV
"Q_TP1_C2_R26- Trà sữa ít đường Vinamilk Happy Milktea_Advertising on Internet (website, Facebook, YouTube, etc)",261,Trà sữa ít đường Vinamilk Happy Milktea,Q_TP1.Touchpoints,"Advertising on Internet (website, Facebook, YouTube, etc)"
"Q_TP1_C4_R26- Trà sữa ít đường Vinamilk Happy Milktea_Outdoor billboard (2 side of the streets, on the building)",261,Trà sữa ít đường Vinamilk Happy Milktea,Q_TP1.Touchpoints,"Outdoor billboard (2 side of the streets, on the building)"
"Q_TP1_C5_R26- Trà sữa ít đường Vinamilk Happy Milktea_Transportation display (bus, car wrap)",261,Trà sữa ít đường Vinamilk Happy Milktea,Q_TP1.Touchpoints,"Transportation display (bus, car wrap)"
Q_TP1_C6_R26- Trà sữa ít đường Vinamilk Happy Milktea_Advertising on the LCD/ad frame in the office building,261,Trà sữa ít đường Vinamilk Happy Milktea,Q_TP1.Touchpoints,Advertising on the LCD/ad frame in the office building
Q_TP1_C7_R26- Trà sữa ít đường Vinamilk Happy Milktea_Events/ Activations,261,Trà sữa ít đường Vinamilk Happy Milktea,Q_TP1.Touchpoints,Events/ Activations
"Q_TP1_C8_R26- Trà sữa ít đường Vinamilk Happy Milktea_Product display in stores, supermarket, …",261,Trà sữa ít đường Vinamilk Happy Milktea,Q_TP1.Touchpoints,"Product display in stores, supermarket, …"
Q_TP1_C9_R26- Trà sữa ít đường Vinamilk Happy Milktea_Poster in stores,261,Trà sữa ít đường Vinamilk Happy Milktea,Q_TP1.Touchpoints,Poster in stores
Q_TP1_C10_R26- Trà sữa ít đường Vinamilk Happy Milktea_Advertising on store sign/ light box,261,Trà sữa ít đường Vinamilk Happy Milktea,Q_TP1.Touchpoints,Advertising on store sign/ light box
"Q_TP1_C11_R26- Trà sữa ít đường Vinamilk Happy Milktea_Promotion in stores, supermarket, …",261,Trà sữa ít đường Vinamilk Happy Milktea,Q_TP1.Touchpoints,"Promotion in stores, supermarket, …"
Q_TP1_C12_R26- Trà sữa ít đường Vinamilk Happy Milktea_Marketing staff/ PG,261,Trà sữa ít đường Vinamilk Happy Milktea,Q_TP1.Touchpoints,Marketing staff/ PG
Q_TP1_C13_R26- Trà sữa ít đường Vinamilk Happy Milktea_Recommended by seller,261,Trà sữa ít đường Vinamilk Happy Milktea,Q_TP1.Touchpoints,Recommended by seller
Q_TP1_C14_R26- Trà sữa ít đường Vinamilk Happy Milktea_Recommended by friends/relatives,261,Trà sữa ít đường Vinamilk Happy Milktea,Q_TP1.Touchpoints,Recommended by friends/relatives
Q_TP1_C15_R26- Trà sữa ít đường Vinamilk Happy Milktea_Seeing others use,261,Trà sữa ít đường Vinamilk Happy Milktea,Q_TP1.Touchpoints,Seeing others use
Q_TP1_C16_R26- Trà sữa ít đường Vinamilk Happy Milktea_Sampling/ Free sample trial,261,Trà sữa ít đường Vinamilk Happy Milktea,Q_TP1.Touchpoints,Sampling/ Free sample trial
"Q_TP1_C17_R26- Trà sữa ít đường Vinamilk Happy Milktea_Advertising on newspaper, magazines",261,Trà sữa ít đường Vinamilk Happy Milktea,Q_TP1.Touchpoints,"Advertising on newspaper, magazines"
Q_TP1_C18_R26- Trà sữa ít đường Vinamilk Happy Milktea_Advertising on radio,261,Trà sữa ít đường Vinamilk Happy Milktea,Q_TP1.Touchpoints,Advertising on radio
Q_TP1_C99_R26- Trà sữa ít đường Vinamilk Happy Milktea_None of these,261,Trà sữa ít đường Vinamilk Happy Milktea,Q_TP1.Touchpoints,None of these
Q_TP1_C1_R27- Trà lá vối Seventy_Advertising on TV,271,Trà lá vối Seventy,Q_TP1.Touchpoints,Advertising on TV
"Q_TP1_C2_R27- Trà lá vối Seventy_Advertising on Internet (website, Facebook, YouTube, etc)",271,Trà lá vối Seventy,Q_TP1.Touchpoints,"Advertising on Internet (website, Facebook, YouTube, etc)"
"Q_TP1_C4_R27- Trà lá vối Seventy_Outdoor billboard (2 side of the streets, on the building)",271,Trà lá vối Seventy,Q_TP1.Touchpoints,"Outdoor billboard (2 side of the streets, on the building)"
"Q_TP1_C5_R27- Trà lá vối Seventy_Transportation display (bus, car wrap)",271,Trà lá vối Seventy,Q_TP1.Touchpoints,"Transportation display (bus, car wrap)"
Q_TP1_C6_R27- Trà lá vối Seventy_Advertising on the LCD/ad frame in the office building,271,Trà lá vối Seventy,Q_TP1.Touchpoints,Advertising on the LCD/ad frame in the office building
Q_TP1_C7_R27- Trà lá vối Seventy_Events/ Activations,271,Trà lá vối Seventy,Q_TP1.Touchpoints,Events/ Activations
"Q_TP1_C8_R27- Trà lá vối Seventy_Product display in stores, supermarket, …",271,Trà lá vối Seventy,Q_TP1.Touchpoints,"Product display in stores, supermarket, …"
Q_TP1_C9_R27- Trà lá vối Seventy_Poster in stores,271,Trà lá vối Seventy,Q_TP1.Touchpoints,Poster in stores
Q_TP1_C10_R27- Trà lá vối Seventy_Advertising on store sign/ light box,271,Trà lá vối Seventy,Q_TP1.Touchpoints,Advertising on store sign/ light box
"Q_TP1_C11_R27- Trà lá vối Seventy_Promotion in stores, supermarket, …",271,Trà lá vối Seventy,Q_TP1.Touchpoints,"Promotion in stores, supermarket, …"
Q_TP1_C12_R27- Trà lá vối Seventy_Marketing staff/ PG,271,Trà lá vối Seventy,Q_TP1.Touchpoints,Marketing staff/ PG
Q_TP1_C13_R27- Trà lá vối Seventy_Recommended by seller,271,Trà lá vối Seventy,Q_TP1.Touchpoints,Recommended by seller
Q_TP1_C14_R27- Trà lá vối Seventy_Recommended by friends/relatives,271,Trà lá vối Seventy,Q_TP1.Touchpoints,Recommended by friends/relatives
Q_TP1_C15_R27- Trà lá vối Seventy_Seeing others use,271,Trà lá vối Seventy,Q_TP1.Touchpoints,Seeing others use
Q_TP1_C16_R27- Trà lá vối Seventy_Sampling/ Free sample trial,271,Trà lá vối Seventy,Q_TP1.Touchpoints,Sampling/ Free sample trial
"Q_TP1_C17_R27- Trà lá vối Seventy_Advertising on newspaper, magazines",271,Trà lá vối Seventy,Q_TP1.Touchpoints,"Advertising on newspaper, magazines"
Q_TP1_C18_R27- Trà lá vối Seventy_Advertising on radio,271,Trà lá vối Seventy,Q_TP1.Touchpoints,Advertising on radio
Q_TP1_C99_R27- Trà lá vối Seventy_None of these,271,Trà lá vối Seventy,Q_TP1.Touchpoints,None of these
Q_TP1_C1_R2000- Trà thảo mộc VietFuji_Advertising on TV,2000,Trà thảo mộc VietFuji,Q_TP1.Touchpoints,Advertising on TV
"Q_TP1_C2_R2000- Trà thảo mộc VietFuji_Advertising on Internet (website, Facebook, YouTube, etc)",2000,Trà thảo mộc VietFuji,Q_TP1.Touchpoints,"Advertising on Internet (website, Facebook, YouTube, etc)"
"Q_TP1_C4_R2000- Trà thảo mộc VietFuji_Outdoor billboard (2 side of the streets, on the building)",2000,Trà thảo mộc VietFuji,Q_TP1.Touchpoints,"Outdoor billboard (2 side of the streets, on the building)"
"Q_TP1_C5_R2000- Trà thảo mộc VietFuji_Transportation display (bus, car wrap)",2000,Trà thảo mộc VietFuji,Q_TP1.Touchpoints,"Transportation display (bus, car wrap)"
Q_TP1_C6_R2000- Trà thảo mộc VietFuji_Advertising on the LCD/ad frame in the office building,2000,Trà thảo mộc VietFuji,Q_TP1.Touchpoints,Advertising on the LCD/ad frame in the office building
Q_TP1_C7_R2000- Trà thảo mộc VietFuji_Events/ Activations,2000,Trà thảo mộc VietFuji,Q_TP1.Touchpoints,Events/ Activations
"Q_TP1_C8_R2000- Trà thảo mộc VietFuji_Product display in stores, supermarket, …",2000,Trà thảo mộc VietFuji,Q_TP1.Touchpoints,"Product display in stores, supermarket, …"
Q_TP1_C9_R2000- Trà thảo mộc VietFuji_Poster in stores,2000,Trà thảo mộc VietFuji,Q_TP1.Touchpoints,Poster in stores
Q_TP1_C10_R2000- Trà thảo mộc VietFuji_Advertising on store sign/ light box,2000,Trà thảo mộc VietFuji,Q_TP1.Touchpoints,Advertising on store sign/ light box
"Q_TP1_C11_R2000- Trà thảo mộc VietFuji_Promotion in stores, supermarket, …",2000,Trà thảo mộc VietFuji,Q_TP1.Touchpoints,"Promotion in stores, supermarket, …"
Q_TP1_C12_R2000- Trà thảo mộc VietFuji_Marketing staff/ PG,2000,Trà thảo mộc VietFuji,Q_TP1.Touchpoints,Marketing staff/ PG
Q_TP1_C13_R2000- Trà thảo mộc VietFuji_Recommended by seller,2000,Trà thảo mộc VietFuji,Q_TP1.Touchpoints,Recommended by seller
Q_TP1_C14_R2000- Trà thảo mộc VietFuji_Recommended by friends/relatives,2000,Trà thảo mộc VietFuji,Q_TP1.Touchpoints,Recommended by friends/relatives
Q_TP1_C15_R2000- Trà thảo mộc VietFuji_Seeing others use,2000,Trà thảo mộc VietFuji,Q_TP1.Touchpoints,Seeing others use
Q_TP1_C16_R2000- Trà thảo mộc VietFuji_Sampling/ Free sample trial,2000,Trà thảo mộc VietFuji,Q_TP1.Touchpoints,Sampling/ Free sample trial
"Q_TP1_C17_R2000- Trà thảo mộc VietFuji_Advertising on newspaper, magazines",2000,Trà thảo mộc VietFuji,Q_TP1.Touchpoints,"Advertising on newspaper, magazines"
Q_TP1_C18_R2000- Trà thảo mộc VietFuji_Advertising on radio,2000,Trà thảo mộc VietFuji,Q_TP1.Touchpoints,Advertising on radio
Q_TP1_C99_R2000- Trà thảo mộc VietFuji_None of these,2000,Trà thảo mộc VietFuji,Q_TP1.Touchpoints,None of these
Q_TP1_C1_R3000- Trà sữa không độ/ Trà sữa Macchiato_Advertising on TV,3001,Trà sữa không độ/ Trà sữa Macchiato,Q_TP1.Touchpoints,Advertising on TV
"Q_TP1_C2_R3000- Trà sữa không độ/ Trà sữa Macchiato_Advertising on Internet (website, Facebook, YouTube, etc)",3001,Trà sữa không độ/ Trà sữa Macchiato,Q_TP1.Touchpoints,"Advertising on Internet (website, Facebook, YouTube, etc)"
"Q_TP1_C4_R3000- Trà sữa không độ/ Trà sữa Macchiato_Outdoor billboard (2 side of the streets, on the building)",3001,Trà sữa không độ/ Trà sữa Macchiato,Q_TP1.Touchpoints,"Outdoor billboard (2 side of the streets, on the building)"
"Q_TP1_C5_R3000- Trà sữa không độ/ Trà sữa Macchiato_Transportation display (bus, car wrap)",3001,Trà sữa không độ/ Trà sữa Macchiato,Q_TP1.Touchpoints,"Transportation display (bus, car wrap)"
Q_TP1_C6_R3000- Trà sữa không độ/ Trà sữa Macchiato_Advertising on the LCD/ad frame in the office building,3001,Trà sữa không độ/ Trà sữa Macchiato,Q_TP1.Touchpoints,Advertising on the LCD/ad frame in the office building
Q_TP1_C7_R3000- Trà sữa không độ/ Trà sữa Macchiato_Events/ Activations,3001,Trà sữa không độ/ Trà sữa Macchiato,Q_TP1.Touchpoints,Events/ Activations
"Q_TP1_C8_R3000- Trà sữa không độ/ Trà sữa Macchiato_Product display in stores, supermarket, …",3001,Trà sữa không độ/ Trà sữa Macchiato,Q_TP1.Touchpoints,"Product display in stores, supermarket, …"
Q_TP1_C9_R3000- Trà sữa không độ/ Trà sữa Macchiato_Poster in stores,3001,Trà sữa không độ/ Trà sữa Macchiato,Q_TP1.Touchpoints,Poster in stores
Q_TP1_C10_R3000- Trà sữa không độ/ Trà sữa Macchiato_Advertising on store sign/ light box,3001,Trà sữa không độ/ Trà sữa Macchiato,Q_TP1.Touchpoints,Advertising on store sign/ light box
"Q_TP1_C11_R3000- Trà sữa không độ/ Trà sữa Macchiato_Promotion in stores, supermarket, …",3001,Trà sữa không độ/ Trà sữa Macchiato,Q_TP1.Touchpoints,"Promotion in stores, supermarket, …"
Q_TP1_C12_R3000- Trà sữa không độ/ Trà sữa Macchiato_Marketing staff/ PG,3001,Trà sữa không độ/ Trà sữa Macchiato,Q_TP1.Touchpoints,Marketing staff/ PG
Q_TP1_C13_R3000- Trà sữa không độ/ Trà sữa Macchiato_Recommended by seller,3001,Trà sữa không độ/ Trà sữa Macchiato,Q_TP1.Touchpoints,Recommended by seller
Q_TP1_C14_R3000- Trà sữa không độ/ Trà sữa Macchiato_Recommended by friends/relatives,3001,Trà sữa không độ/ Trà sữa Macchiato,Q_TP1.Touchpoints,Recommended by friends/relatives
Q_TP1_C15_R3000- Trà sữa không độ/ Trà sữa Macchiato_Seeing others use,3001,Trà sữa không độ/ Trà sữa Macchiato,Q_TP1.Touchpoints,Seeing others use
Q_TP1_C16_R3000- Trà sữa không độ/ Trà sữa Macchiato_Sampling/ Free sample trial,3001,Trà sữa không độ/ Trà sữa Macchiato,Q_TP1.Touchpoints,Sampling/ Free sample trial
"Q_TP1_C17_R3000- Trà sữa không độ/ Trà sữa Macchiato_Advertising on newspaper, magazines",3001,Trà sữa không độ/ Trà sữa Macchiato,Q_TP1.Touchpoints,"Advertising on newspaper, magazines"
Q_TP1_C18_R3000- Trà sữa không độ/ Trà sữa Macchiato_Advertising on radio,3001,Trà sữa không độ/ Trà sữa Macchiato,Q_TP1.Touchpoints,Advertising on radio
Q_TP1_C99_R3000- Trà sữa không độ/ Trà sữa Macchiato_None of these,3001,Trà sữa không độ/ Trà sữa Macchiato,Q_TP1.Touchpoints,None of these
Q_TP1_C1_R5000- Trà TH True Tea_Advertising on TV,5000,Trà TH True Tea,Q_TP1.Touchpoints,Advertising on TV
"Q_TP1_C2_R5000- Trà TH True Tea_Advertising on Internet (website, Facebook, YouTube, etc)",5000,Trà TH True Tea,Q_TP1.Touchpoints,"Advertising on Internet (website, Facebook, YouTube, etc)"
"Q_TP1_C4_R5000- Trà TH True Tea_Outdoor billboard (2 side of the streets, on the building)",5000,Trà TH True Tea,Q_TP1.Touchpoints,"Outdoor billboard (2 side of the streets, on the building)"
"Q_TP1_C5_R5000- Trà TH True Tea_Transportation display (bus, car wrap)",5000,Trà TH True Tea,Q_TP1.Touchpoints,"Transportation display (bus, car wrap)"
Q_TP1_C6_R5000- Trà TH True Tea_Advertising on the LCD/ad frame in the office building,5000,Trà TH True Tea,Q_TP1.Touchpoints,Advertising on the LCD/ad frame in the office building
Q_TP1_C7_R5000- Trà TH True Tea_Events/ Activations,5000,Trà TH True Tea,Q_TP1.Touchpoints,Events/ Activations
"Q_TP1_C8_R5000- Trà TH True Tea_Product display in stores, supermarket, …",5000,Trà TH True Tea,Q_TP1.Touchpoints,"Product display in stores, supermarket, …"
Q_TP1_C9_R5000- Trà TH True Tea_Poster in stores,5000,Trà TH True Tea,Q_TP1.Touchpoints,Poster in stores
Q_TP1_C10_R5000- Trà TH True Tea_Advertising on store sign/ light box,5000,Trà TH True Tea,Q_TP1.Touchpoints,Advertising on store sign/ light box
"Q_TP1_C11_R5000- Trà TH True Tea_Promotion in stores, supermarket, …",5000,Trà TH True Tea,Q_TP1.Touchpoints,"Promotion in stores, supermarket, …"
Q_TP1_C12_R5000- Trà TH True Tea_Marketing staff/ PG,5000,Trà TH True Tea,Q_TP1.Touchpoints,Marketing staff/ PG
Q_TP1_C13_R5000- Trà TH True Tea_Recommended by seller,5000,Trà TH True Tea,Q_TP1.Touchpoints,Recommended by seller
Q_TP1_C14_R5000- Trà TH True Tea_Recommended by friends/relatives,5000,Trà TH True Tea,Q_TP1.Touchpoints,Recommended by friends/relatives
Q_TP1_C15_R5000- Trà TH True Tea_Seeing others use,5000,Trà TH True Tea,Q_TP1.Touchpoints,Seeing others use
Q_TP1_C16_R5000- Trà TH True Tea_Sampling/ Free sample trial,5000,Trà TH True Tea,Q_TP1.Touchpoints,Sampling/ Free sample trial
"Q_TP1_C17_R5000- Trà TH True Tea_Advertising on newspaper, magazines",5000,Trà TH True Tea,Q_TP1.Touchpoints,"Advertising on newspaper, magazines"
Q_TP1_C18_R5000- Trà TH True Tea_Advertising on radio,5000,Trà TH True Tea,Q_TP1.Touchpoints,Advertising on radio
Q_TP1_C99_R5000- Trà TH True Tea_None of these,5000,Trà TH True Tea,Q_TP1.Touchpoints,None of these
Q_TP1_C1_R6000- Trà mật ong Boncha_Advertising on TV,6001,Trà mật ong Boncha,Q_TP1.Touchpoints,Advertising on TV
"Q_TP1_C2_R6000- Trà mật ong Boncha_Advertising on Internet (website, Facebook, YouTube, etc)",6001,Trà mật ong Boncha,Q_TP1.Touchpoints,"Advertising on Internet (website, Facebook, YouTube, etc)"
"Q_TP1_C4_R6000- Trà mật ong Boncha_Outdoor billboard (2 side of the streets, on the building)",6001,Trà mật ong Boncha,Q_TP1.Touchpoints,"Outdoor billboard (2 side of the streets, on the building)"
"Q_TP1_C5_R6000- Trà mật ong Boncha_Transportation display (bus, car wrap)",6001,Trà mật ong Boncha,Q_TP1.Touchpoints,"Transportation display (bus, car wrap)"
Q_TP1_C6_R6000- Trà mật ong Boncha_Advertising on the LCD/ad frame in the office building,6001,Trà mật ong Boncha,Q_TP1.Touchpoints,Advertising on the LCD/ad frame in the office building
Q_TP1_C7_R6000- Trà mật ong Boncha_Events/ Activations,6001,Trà mật ong Boncha,Q_TP1.Touchpoints,Events/ Activations
"Q_TP1_C8_R6000- Trà mật ong Boncha_Product display in stores, supermarket, …",6001,Trà mật ong Boncha,Q_TP1.Touchpoints,"Product display in stores, supermarket, …"
Q_TP1_C9_R6000- Trà mật ong Boncha_Poster in stores,6001,Trà mật ong Boncha,Q_TP1.Touchpoints,Poster in stores
Q_TP1_C10_R6000- Trà mật ong Boncha_Advertising on store sign/ light box,6001,Trà mật ong Boncha,Q_TP1.Touchpoints,Advertising on store sign/ light box
"Q_TP1_C11_R6000- Trà mật ong Boncha_Promotion in stores, supermarket, …",6001,Trà mật ong Boncha,Q_TP1.Touchpoints,"Promotion in stores, supermarket, …"
Q_TP1_C12_R6000- Trà mật ong Boncha_Marketing staff/ PG,6001,Trà mật ong Boncha,Q_TP1.Touchpoints,Marketing staff/ PG
Q_TP1_C13_R6000- Trà mật ong Boncha_Recommended by seller,6001,Trà mật ong Boncha,Q_TP1.Touchpoints,Recommended by seller
Q_TP1_C14_R6000- Trà mật ong Boncha_Recommended by friends/relatives,6001,Trà mật ong Boncha,Q_TP1.Touchpoints,Recommended by friends/relatives
Q_TP1_C15_R6000- Trà mật ong Boncha_Seeing others use,6001,Trà mật ong Boncha,Q_TP1.Touchpoints,Seeing others use
Q_TP1_C16_R6000- Trà mật ong Boncha_Sampling/ Free sample trial,6001,Trà mật ong Boncha,Q_TP1.Touchpoints,Sampling/ Free sample trial
"Q_TP1_C17_R6000- Trà mật ong Boncha_Advertising on newspaper, magazines",6001,Trà mật ong Boncha,Q_TP1.Touchpoints,"Advertising on newspaper, magazines"
Q_TP1_C18_R6000- Trà mật ong Boncha_Advertising on radio,6001,Trà mật ong Boncha,Q_TP1.Touchpoints,Advertising on radio
Q_TP1_C99_R6000- Trà mật ong Boncha_None of these,6001,Trà mật ong Boncha,Q_TP1.Touchpoints,None of these
Q_TP1_C1_R7000- Trà Jokky_Advertising on TV,7000,Trà Jokky,Q_TP1.Touchpoints,Advertising on TV
"Q_TP1_C2_R7000- Trà Jokky_Advertising on Internet (website, Facebook, YouTube, etc)",7000,Trà Jokky,Q_TP1.Touchpoints,"Advertising on Internet (website, Facebook, YouTube, etc)"
"Q_TP1_C4_R7000- Trà Jokky_Outdoor billboard (2 side of the streets, on the building)",7000,Trà Jokky,Q_TP1.Touchpoints,"Outdoor billboard (2 side of the streets, on the building)"
"Q_TP1_C5_R7000- Trà Jokky_Transportation display (bus, car wrap)",7000,Trà Jokky,Q_TP1.Touchpoints,"Transportation display (bus, car wrap)"
Q_TP1_C6_R7000- Trà Jokky_Advertising on the LCD/ad frame in the office building,7000,Trà Jokky,Q_TP1.Touchpoints,Advertising on the LCD/ad frame in the office building
Q_TP1_C7_R7000- Trà Jokky_Events/ Activations,7000,Trà Jokky,Q_TP1.Touchpoints,Events/ Activations
"Q_TP1_C8_R7000- Trà Jokky_Product display in stores, supermarket, …",7000,Trà Jokky,Q_TP1.Touchpoints,"Product display in stores, supermarket, …"
Q_TP1_C9_R7000- Trà Jokky_Poster in stores,7000,Trà Jokky,Q_TP1.Touchpoints,Poster in stores
Q_TP1_C10_R7000- Trà Jokky_Advertising on store sign/ light box,7000,Trà Jokky,Q_TP1.Touchpoints,Advertising on store sign/ light box
"Q_TP1_C11_R7000- Trà Jokky_Promotion in stores, supermarket, …",7000,Trà Jokky,Q_TP1.Touchpoints,"Promotion in stores, supermarket, …"
Q_TP1_C12_R7000- Trà Jokky_Marketing staff/ PG,7000,Trà Jokky,Q_TP1.Touchpoints,Marketing staff/ PG
Q_TP1_C13_R7000- Trà Jokky_Recommended by seller,7000,Trà Jokky,Q_TP1.Touchpoints,Recommended by seller
Q_TP1_C14_R7000- Trà Jokky_Recommended by friends/relatives,7000,Trà Jokky,Q_TP1.Touchpoints,Recommended by friends/relatives
Q_TP1_C15_R7000- Trà Jokky_Seeing others use,7000,Trà Jokky,Q_TP1.Touchpoints,Seeing others use
Q_TP1_C16_R7000- Trà Jokky_Sampling/ Free sample trial,7000,Trà Jokky,Q_TP1.Touchpoints,Sampling/ Free sample trial
"Q_TP1_C17_R7000- Trà Jokky_Advertising on newspaper, magazines",7000,Trà Jokky,Q_TP1.Touchpoints,"Advertising on newspaper, magazines"
Q_TP1_C18_R7000- Trà Jokky_Advertising on radio,7000,Trà Jokky,Q_TP1.Touchpoints,Advertising on radio
Q_TP1_C99_R7000- Trà Jokky_None of these,7000,Trà Jokky,Q_TP1.Touchpoints,None of these
Q_TP1_C1_R8000- Trà sữa C2_Advertising on TV,8000,Trà sữa C2,Q_TP1.Touchpoints,Advertising on TV
"Q_TP1_C2_R8000- Trà sữa C2_Advertising on Internet (website, Facebook, YouTube, etc)",8000,Trà sữa C2,Q_TP1.Touchpoints,"Advertising on Internet (website, Facebook, YouTube, etc)"
"Q_TP1_C4_R8000- Trà sữa C2_Outdoor billboard (2 side of the streets, on the building)",8000,Trà sữa C2,Q_TP1.Touchpoints,"Outdoor billboard (2 side of the streets, on the building)"
"Q_TP1_C5_R8000- Trà sữa C2_Transportation display (bus, car wrap)",8000,Trà sữa C2,Q_TP1.Touchpoints,"Transportation display (bus, car wrap)"
Q_TP1_C6_R8000- Trà sữa C2_Advertising on the LCD/ad frame in the office building,8000,Trà sữa C2,Q_TP1.Touchpoints,Advertising on the LCD/ad frame in the office building
Q_TP1_C7_R8000- Trà sữa C2_Events/ Activations,8000,Trà sữa C2,Q_TP1.Touchpoints,Events/ Activations
"Q_TP1_C8_R8000- Trà sữa C2_Product display in stores, supermarket, …",8000,Trà sữa C2,Q_TP1.Touchpoints,"Product display in stores, supermarket, …"
Q_TP1_C9_R8000- Trà sữa C2_Poster in stores,8000,Trà sữa C2,Q_TP1.Touchpoints,Poster in stores
Q_TP1_C10_R8000- Trà sữa C2_Advertising on store sign/ light box,8000,Trà sữa C2,Q_TP1.Touchpoints,Advertising on store sign/ light box
"Q_TP1_C11_R8000- Trà sữa C2_Promotion in stores, supermarket, …",8000,Trà sữa C2,Q_TP1.Touchpoints,"Promotion in stores, supermarket, …"
Q_TP1_C12_R8000- Trà sữa C2_Marketing staff/ PG,8000,Trà sữa C2,Q_TP1.Touchpoints,Marketing staff/ PG
Q_TP1_C13_R8000- Trà sữa C2_Recommended by seller,8000,Trà sữa C2,Q_TP1.Touchpoints,Recommended by seller
Q_TP1_C14_R8000- Trà sữa C2_Recommended by friends/relatives,8000,Trà sữa C2,Q_TP1.Touchpoints,Recommended by friends/relatives
Q_TP1_C15_R8000- Trà sữa C2_Seeing others use,8000,Trà sữa C2,Q_TP1.Touchpoints,Seeing others use
Q_TP1_C16_R8000- Trà sữa C2_Sampling/ Free sample trial,8000,Trà sữa C2,Q_TP1.Touchpoints,Sampling/ Free sample trial
"Q_TP1_C17_R8000- Trà sữa C2_Advertising on newspaper, magazines",8000,Trà sữa C2,Q_TP1.Touchpoints,"Advertising on newspaper, magazines"
Q_TP1_C18_R8000- Trà sữa C2_Advertising on radio,8000,Trà sữa C2,Q_TP1.Touchpoints,Advertising on radio
Q_TP1_C99_R8000- Trà sữa C2_None of these,8000,Trà sữa C2,Q_TP1.Touchpoints,None of these
Q_TP1_C1_R9000- Búp non 365_Advertising on TV,9000,Búp non 365,Q_TP1.Touchpoints,Advertising on TV
"Q_TP1_C2_R9000- Búp non 365_Advertising on Internet (website, Facebook, YouTube, etc)",9000,Búp non 365,Q_TP1.Touchpoints,"Advertising on Internet (website, Facebook, YouTube, etc)"
"Q_TP1_C4_R9000- Búp non 365_Outdoor billboard (2 side of the streets, on the building)",9000,Búp non 365,Q_TP1.Touchpoints,"Outdoor billboard (2 side of the streets, on the building)"
"Q_TP1_C5_R9000- Búp non 365_Transportation display (bus, car wrap)",9000,Búp non 365,Q_TP1.Touchpoints,"Transportation display (bus, car wrap)"
Q_TP1_C6_R9000- Búp non 365_Advertising on the LCD/ad frame in the office building,9000,Búp non 365,Q_TP1.Touchpoints,Advertising on the LCD/ad frame in the office building
Q_TP1_C7_R9000- Búp non 365_Events/ Activations,9000,Búp non 365,Q_TP1.Touchpoints,Events/ Activations
"Q_TP1_C8_R9000- Búp non 365_Product display in stores, supermarket, …",9000,Búp non 365,Q_TP1.Touchpoints,"Product display in stores, supermarket, …"
Q_TP1_C9_R9000- Búp non 365_Poster in stores,9000,Búp non 365,Q_TP1.Touchpoints,Poster in stores
Q_TP1_C10_R9000- Búp non 365_Advertising on store sign/ light box,9000,Búp non 365,Q_TP1.Touchpoints,Advertising on store sign/ light box
"Q_TP1_C11_R9000- Búp non 365_Promotion in stores, supermarket, …",9000,Búp non 365,Q_TP1.Touchpoints,"Promotion in stores, supermarket, …"
Q_TP1_C12_R9000- Búp non 365_Marketing staff/ PG,9000,Búp non 365,Q_TP1.Touchpoints,Marketing staff/ PG
Q_TP1_C13_R9000- Búp non 365_Recommended by seller,9000,Búp non 365,Q_TP1.Touchpoints,Recommended by seller
Q_TP1_C14_R9000- Búp non 365_Recommended by friends/relatives,9000,Búp non 365,Q_TP1.Touchpoints,Recommended by friends/relatives
Q_TP1_C15_R9000- Búp non 365_Seeing others use,9000,Búp non 365,Q_TP1.Touchpoints,Seeing others use
Q_TP1_C16_R9000- Búp non 365_Sampling/ Free sample trial,9000,Búp non 365,Q_TP1.Touchpoints,Sampling/ Free sample trial
"Q_TP1_C17_R9000- Búp non 365_Advertising on newspaper, magazines",9000,Búp non 365,Q_TP1.Touchpoints,"Advertising on newspaper, magazines"
Q_TP1_C18_R9000- Búp non 365_Advertising on radio,9000,Búp non 365,Q_TP1.Touchpoints,Advertising on radio
Q_TP1_C99_R9000- Búp non 365_None of these,9000,Búp non 365,Q_TP1.Touchpoints,None of these
Q_TP2_R1- C2,1,C2,Q_TP2_R1,
Q_TP2_R7- OLong Tea Plus,8,OLong Tea Plus,Q_TP2_R7,
Q_TP2_R11- Không Độ,11,Không Độ,Q_TP2_R11,
Q_TP2_R15- Trà Cozy đóng chai,15,Trà Cozy đóng chai,Q_TP2_R15,
Q_TP2_R19- Dr. Thanh,19,Dr. Thanh,Q_TP2_R19,
Q_TP2_R23- Trà Tea Go,23,Trà Tea Go,Q_TP2_R23,
Q_TP2_R26- Trà sữa ít đường Vinamilk Happy Milktea,261,Trà sữa ít đường Vinamilk Happy Milktea,Q_TP2_R26,
Q_TP2_R27- Trà lá vối Seventy,271,Trà lá vối Seventy,Q_TP2_R27,
Q_TP2_R2000- Trà thảo mộc VietFuji,2000,Trà thảo mộc VietFuji,Q_TP2_R2000,
Q_TP2_R3000- Trà sữa không độ/ Trà sữa Macchiato,3001,Trà sữa không độ/ Trà sữa Macchiato,Q_TP2_R3000,
Q_TP2_R5000- Trà TH True Tea,5000,Trà TH True Tea,Q_TP2_R5000,
Q_TP2_R6000- Trà mật ong Boncha,6001,Trà mật ong Boncha,Q_TP2_R6000,
Q_TP2_R7000- Trà Jokky,7000,Trà Jokky,Q_TP2_R7000,
Q_TP2_R8000- Trà sữa C2,8000,Trà sữa C2,Q_TP2_R8000,
Q_TP2_R9000- Búp non 365,9000,Búp non 365,Q_TP2_R9000,
Q_TP3_R1- C2,1,C2,Q_TP3_R1,
Q_TP3_R7- OLong Tea Plus,8,OLong Tea Plus,Q_TP3_R7,
Q_TP3_R11- Không Độ,11,Không Độ,Q_TP3_R11,
Q_TP3_R15- Trà Cozy đóng chai,15,Trà Cozy đóng chai,Q_TP3_R15,
Q_TP3_R19- Dr. Thanh,19,Dr. Thanh,Q_TP3_R19,
Q_TP3_R23- Trà Tea Go,23,Trà Tea Go,Q_TP3_R23,
Q_TP3_R26- Trà sữa ít đường Vinamilk Happy Milktea,261,Trà sữa ít đường Vinamilk Happy Milktea,Q_TP3_R26,
Q_TP3_R27- Trà lá vối Seventy,271,Trà lá vối Seventy,Q_TP3_R27,
Q_TP3_R2000- Trà thảo mộc VietFuji,2000,Trà thảo mộc VietFuji,Q_TP3_R2000,
Q_TP3_R3000- Trà sữa không độ/ Trà sữa Macchiato,3001,Trà sữa không độ/ Trà sữa Macchiato,Q_TP3_R3000,
Q_TP3_R5000- Trà TH True Tea,5000,Trà TH True Tea,Q_TP3_R5000,
Q_TP3_R6000- Trà mật ong Boncha,6001,Trà mật ong Boncha,Q_TP3_R6000,
Q_TP3_R7000- Trà Jokky,7000,Trà Jokky,Q_TP3_R7000,
Q_TP3_R8000- Trà sữa C2,8000,Trà sữa C2,Q_TP3_R8000,
Q_TP3_R9000- Búp non 365,9000,Búp non 365,Q_TP3_R9000,
